"title","hit","url","content"
"근데 자한당쪽은 왜 죄다 흐지부지 하는거죠?",16,"https://www.clien.net/service/board/park/14074394?od=T31&po=0&category=&groupCd","김성태 딸 채용건   장제원 아들 음주운전건   나경원 아들 국적      등 이슈가 발생하면      그 좋아하는 “절차”에 따라서 수사하고 마무리를 지어야지      항상 뭔가 조금 끌적대다가 기다 아니다 결론도 없이 그냥 사라짐.      아님 기레기들이 담합해서 보도를 안해서 그런가요."
"검찰자한당내통 - 막장 드라마 작가들은 이번에 반성 많이 하셔야 할듯",49,"https://www.clien.net/service/board/park/14074392?od=T31&po=0&category=&groupCd","김성태 딸 채용건   장제원 아들 음주운전건   나경원 아들 국적      등 이슈가 발생하면      그 좋아하는 “절차”에 따라서 수사하고 마무리를 지어야지      항상 뭔가 조금 끌적대다가 기다 아니다 결론도 없이 그냥 사라짐.      아님 기레기들이 담합해서 보도를 안해서 그런가요."
"야구] 드디어 두산과 0.5 게임차까지 따라잡혔네요",68,"https://www.clien.net/service/board/park/14074391?od=T31&po=0&category=&groupCd","김성태 딸 채용건   장제원 아들 음주운전건   나경원 아들 국적      등 이슈가 발생하면      그 좋아하는 “절차”에 따라서 수사하고 마무리를 지어야지      항상 뭔가 조금 끌적대다가 기다 아니다 결론도 없이 그냥 사라짐.      아님 기레기들이 담합해서 보도를 안해서 그런가요."
"주광덕 시나리오는 (ㅈ될뻔)",445,"https://www.clien.net/service/board/park/14074390?od=T31&po=0&category=&groupCd","김성태 딸 채용건   장제원 아들 음주운전건   나경원 아들 국적      등 이슈가 발생하면      그 좋아하는 “절차”에 따라서 수사하고 마무리를 지어야지      항상 뭔가 조금 끌적대다가 기다 아니다 결론도 없이 그냥 사라짐.      아님 기레기들이 담합해서 보도를 안해서 그런가요."
"요 근래 안경을 써도 잘 안보여서 안경점좀 갔는데..",122,"https://www.clien.net/service/board/park/14074389?od=T31&po=0&category=&groupCd","김성태 딸 채용건   장제원 아들 음주운전건   나경원 아들 국적      등 이슈가 발생하면      그 좋아하는 “절차”에 따라서 수사하고 마무리를 지어야지      항상 뭔가 조금 끌적대다가 기다 아니다 결론도 없이 그냥 사라짐.      아님 기레기들이 담합해서 보도를 안해서 그런가요."
"검찰자한당 내통_검찰의 개수작",152,"https://www.clien.net/service/board/park/14074388?od=T31&po=0&category=&groupCd","김성태 딸 채용건   장제원 아들 음주운전건   나경원 아들 국적      등 이슈가 발생하면      그 좋아하는 “절차”에 따라서 수사하고 마무리를 지어야지      항상 뭔가 조금 끌적대다가 기다 아니다 결론도 없이 그냥 사라짐.      아님 기레기들이 담합해서 보도를 안해서 그런가요."
"알리에서 발견한 재미난 물건 - 라즈베리파이 미니 게임기",310,"https://www.clien.net/service/board/park/14074385?od=T31&po=0&category=&groupCd","김성태 딸 채용건   장제원 아들 음주운전건   나경원 아들 국적      등 이슈가 발생하면      그 좋아하는 “절차”에 따라서 수사하고 마무리를 지어야지      항상 뭔가 조금 끌적대다가 기다 아니다 결론도 없이 그냥 사라짐.      아님 기레기들이 담합해서 보도를 안해서 그런가요."
"오늘자 국회 자한당 몸부림.jpg",1144,"https://www.clien.net/service/board/park/14074383?od=T31&po=0&category=&groupCd","김성태 딸 채용건   장제원 아들 음주운전건   나경원 아들 국적      등 이슈가 발생하면      그 좋아하는 “절차”에 따라서 수사하고 마무리를 지어야지      항상 뭔가 조금 끌적대다가 기다 아니다 결론도 없이 그냥 사라짐.      아님 기레기들이 담합해서 보도를 안해서 그런가요."
"포터블 신디사이저로 트로픽 썬더 샘플링해서 노래만들기.유튜브",96,"https://www.clien.net/service/board/park/14074382?od=T31&po=0&category=&groupCd","김성태 딸 채용건   장제원 아들 음주운전건   나경원 아들 국적      등 이슈가 발생하면      그 좋아하는 “절차”에 따라서 수사하고 마무리를 지어야지      항상 뭔가 조금 끌적대다가 기다 아니다 결론도 없이 그냥 사라짐.      아님 기레기들이 담합해서 보도를 안해서 그런가요."
"갤럭시 S10e 이번 업데이트로...",502,"https://www.clien.net/service/board/park/14074381?od=T31&po=0&category=&groupCd","김성태 딸 채용건   장제원 아들 음주운전건   나경원 아들 국적      등 이슈가 발생하면      그 좋아하는 “절차”에 따라서 수사하고 마무리를 지어야지      항상 뭔가 조금 끌적대다가 기다 아니다 결론도 없이 그냥 사라짐.      아님 기레기들이 담합해서 보도를 안해서 그런가요."
"검찰자한당내통] 알리에서 스위치용 블투 리시버봤는데 괜춘해 보이네요 ㄷㄷ",124,"https://www.clien.net/service/board/park/14074379?od=T31&po=0&category=&groupCd","김성태 딸 채용건   장제원 아들 음주운전건   나경원 아들 국적      등 이슈가 발생하면      그 좋아하는 “절차”에 따라서 수사하고 마무리를 지어야지      항상 뭔가 조금 끌적대다가 기다 아니다 결론도 없이 그냥 사라짐.      아님 기레기들이 담합해서 보도를 안해서 그런가요."
"검찰자한당내통) 하루하루가 갈수록 검찰개혁의 당위성이 높아지네요.",258,"https://www.clien.net/service/board/park/14074377?od=T31&po=0&category=&groupCd","김성태 딸 채용건   장제원 아들 음주운전건   나경원 아들 국적      등 이슈가 발생하면      그 좋아하는 “절차”에 따라서 수사하고 마무리를 지어야지      항상 뭔가 조금 끌적대다가 기다 아니다 결론도 없이 그냥 사라짐.      아님 기레기들이 담합해서 보도를 안해서 그런가요."
"검찰자한당내통 - 자한당이 수사지휘",319,"https://www.clien.net/service/board/park/14074375?od=T31&po=0&category=&groupCd","김성태 딸 채용건   장제원 아들 음주운전건   나경원 아들 국적      등 이슈가 발생하면      그 좋아하는 “절차”에 따라서 수사하고 마무리를 지어야지      항상 뭔가 조금 끌적대다가 기다 아니다 결론도 없이 그냥 사라짐.      아님 기레기들이 담합해서 보도를 안해서 그런가요."
"음란마귀 테스트",492,"https://www.clien.net/service/board/park/14074373?od=T31&po=0&category=&groupCd","김성태 딸 채용건   장제원 아들 음주운전건   나경원 아들 국적      등 이슈가 발생하면      그 좋아하는 “절차”에 따라서 수사하고 마무리를 지어야지      항상 뭔가 조금 끌적대다가 기다 아니다 결론도 없이 그냥 사라짐.      아님 기레기들이 담합해서 보도를 안해서 그런가요."
"kbs에서 나경원 계속 파나봐요",1185,"https://www.clien.net/service/board/park/14074369?od=T31&po=0&category=&groupCd","김성태 딸 채용건   장제원 아들 음주운전건   나경원 아들 국적      등 이슈가 발생하면      그 좋아하는 “절차”에 따라서 수사하고 마무리를 지어야지      항상 뭔가 조금 끌적대다가 기다 아니다 결론도 없이 그냥 사라짐.      아님 기레기들이 담합해서 보도를 안해서 그런가요."
"검찰자한당내통",73,"https://www.clien.net/service/board/park/14074367?od=T31&po=0&category=&groupCd","김성태 딸 채용건   장제원 아들 음주운전건   나경원 아들 국적      등 이슈가 발생하면      그 좋아하는 “절차”에 따라서 수사하고 마무리를 지어야지      항상 뭔가 조금 끌적대다가 기다 아니다 결론도 없이 그냥 사라짐.      아님 기레기들이 담합해서 보도를 안해서 그런가요."
"람보 더 비디오 게임 제작사의 2019년 최신작",299,"https://www.clien.net/service/board/park/14074365?od=T31&po=0&category=&groupCd","김성태 딸 채용건   장제원 아들 음주운전건   나경원 아들 국적      등 이슈가 발생하면      그 좋아하는 “절차”에 따라서 수사하고 마무리를 지어야지      항상 뭔가 조금 끌적대다가 기다 아니다 결론도 없이 그냥 사라짐.      아님 기레기들이 담합해서 보도를 안해서 그런가요."
"인자는 들중 하느 지빠질때까지 가는거죠",180,"https://www.clien.net/service/board/park/14074364?od=T31&po=0&category=&groupCd","김성태 딸 채용건   장제원 아들 음주운전건   나경원 아들 국적      등 이슈가 발생하면      그 좋아하는 “절차”에 따라서 수사하고 마무리를 지어야지      항상 뭔가 조금 끌적대다가 기다 아니다 결론도 없이 그냥 사라짐.      아님 기레기들이 담합해서 보도를 안해서 그런가요."
"(스포) 오늘 와우 본섭 패치.jpg",1007,"https://www.clien.net/service/board/park/14074363?od=T31&po=0&category=&groupCd","김성태 딸 채용건   장제원 아들 음주운전건   나경원 아들 국적      등 이슈가 발생하면      그 좋아하는 “절차”에 따라서 수사하고 마무리를 지어야지      항상 뭔가 조금 끌적대다가 기다 아니다 결론도 없이 그냥 사라짐.      아님 기레기들이 담합해서 보도를 안해서 그런가요."
"사채업자도 이렇게까진 안한다...",655,"https://www.clien.net/service/board/park/14074362?od=T31&po=0&category=&groupCd","김성태 딸 채용건   장제원 아들 음주운전건   나경원 아들 국적      등 이슈가 발생하면      그 좋아하는 “절차”에 따라서 수사하고 마무리를 지어야지      항상 뭔가 조금 끌적대다가 기다 아니다 결론도 없이 그냥 사라짐.      아님 기레기들이 담합해서 보도를 안해서 그런가요."
"검찰자한당내통",124,"https://www.clien.net/service/board/park/14074361?od=T31&po=0&category=&groupCd","김성태 딸 채용건   장제원 아들 음주운전건   나경원 아들 국적      등 이슈가 발생하면      그 좋아하는 “절차”에 따라서 수사하고 마무리를 지어야지      항상 뭔가 조금 끌적대다가 기다 아니다 결론도 없이 그냥 사라짐.      아님 기레기들이 담합해서 보도를 안해서 그런가요."
"폭스바겐, 배터리 셀 자체 생산..",824,"https://www.clien.net/service/board/park/14074357?od=T31&po=0&category=&groupCd","김성태 딸 채용건   장제원 아들 음주운전건   나경원 아들 국적      등 이슈가 발생하면      그 좋아하는 “절차”에 따라서 수사하고 마무리를 지어야지      항상 뭔가 조금 끌적대다가 기다 아니다 결론도 없이 그냥 사라짐.      아님 기레기들이 담합해서 보도를 안해서 그런가요."
"검사 월급이 쥐꼬리라구요???",1467,"https://www.clien.net/service/board/park/14074356?od=T31&po=0&category=&groupCd","김성태 딸 채용건   장제원 아들 음주운전건   나경원 아들 국적      등 이슈가 발생하면      그 좋아하는 “절차”에 따라서 수사하고 마무리를 지어야지      항상 뭔가 조금 끌적대다가 기다 아니다 결론도 없이 그냥 사라짐.      아님 기레기들이 담합해서 보도를 안해서 그런가요."
"곧 유행할 테스트",889,"https://www.clien.net/service/board/park/14074355?od=T31&po=0&category=&groupCd","김성태 딸 채용건   장제원 아들 음주운전건   나경원 아들 국적      등 이슈가 발생하면      그 좋아하는 “절차”에 따라서 수사하고 마무리를 지어야지      항상 뭔가 조금 끌적대다가 기다 아니다 결론도 없이 그냥 사라짐.      아님 기레기들이 담합해서 보도를 안해서 그런가요."
"검찰자한당내통 - 교수.시민단체 시국선언 영상 &amp; MBC : YTN 보도 비교",589,"https://www.clien.net/service/board/park/14074354?od=T31&po=0&category=&groupCd","김성태 딸 채용건   장제원 아들 음주운전건   나경원 아들 국적      등 이슈가 발생하면      그 좋아하는 “절차”에 따라서 수사하고 마무리를 지어야지      항상 뭔가 조금 끌적대다가 기다 아니다 결론도 없이 그냥 사라짐.      아님 기레기들이 담합해서 보도를 안해서 그런가요."
"(속보) 檢, '나경원 딸 성적 특혜 의혹'도 형사 1부에 배당",3019,"https://www.clien.net/service/board/park/14074352?od=T31&po=0&category=&groupCd","김성태 딸 채용건   장제원 아들 음주운전건   나경원 아들 국적      등 이슈가 발생하면      그 좋아하는 “절차”에 따라서 수사하고 마무리를 지어야지      항상 뭔가 조금 끌적대다가 기다 아니다 결론도 없이 그냥 사라짐.      아님 기레기들이 담합해서 보도를 안해서 그런가요."
"송요훈 기자 - 아내를 버려야겠습니까?(페북)",1205,"https://www.clien.net/service/board/park/14074351?od=T31&po=0&category=&groupCd","김성태 딸 채용건   장제원 아들 음주운전건   나경원 아들 국적      등 이슈가 발생하면      그 좋아하는 “절차”에 따라서 수사하고 마무리를 지어야지      항상 뭔가 조금 끌적대다가 기다 아니다 결론도 없이 그냥 사라짐.      아님 기레기들이 담합해서 보도를 안해서 그런가요."
"옥션 자동로그인 시스템이 이상하네요",156,"https://www.clien.net/service/board/park/14074350?od=T31&po=0&category=&groupCd","김성태 딸 채용건   장제원 아들 음주운전건   나경원 아들 국적      등 이슈가 발생하면      그 좋아하는 “절차”에 따라서 수사하고 마무리를 지어야지      항상 뭔가 조금 끌적대다가 기다 아니다 결론도 없이 그냥 사라짐.      아님 기레기들이 담합해서 보도를 안해서 그런가요."
"장례식장에 왔는데요..홍어를 주더군요.",1672,"https://www.clien.net/service/board/park/14074349?od=T31&po=0&category=&groupCd","김성태 딸 채용건   장제원 아들 음주운전건   나경원 아들 국적      등 이슈가 발생하면      그 좋아하는 “절차”에 따라서 수사하고 마무리를 지어야지      항상 뭔가 조금 끌적대다가 기다 아니다 결론도 없이 그냥 사라짐.      아님 기레기들이 담합해서 보도를 안해서 그런가요."
"검찰이 외압이라 느낀 이유 알겠어요",927,"https://www.clien.net/service/board/park/14074348?od=T31&po=0&category=&groupCd","김성태 딸 채용건   장제원 아들 음주운전건   나경원 아들 국적      등 이슈가 발생하면      그 좋아하는 “절차”에 따라서 수사하고 마무리를 지어야지      항상 뭔가 조금 끌적대다가 기다 아니다 결론도 없이 그냥 사라짐.      아님 기레기들이 담합해서 보도를 안해서 그런가요."
"한미정상회담진행 중 조국압수수색을 했군요",450,"https://www.clien.net/service/board/park/14074347?od=T31&po=1&category=&groupCd","김성태 딸 채용건   장제원 아들 음주운전건   나경원 아들 국적      등 이슈가 발생하면      그 좋아하는 “절차”에 따라서 수사하고 마무리를 지어야지      항상 뭔가 조금 끌적대다가 기다 아니다 결론도 없이 그냥 사라짐.      아님 기레기들이 담합해서 보도를 안해서 그런가요."
"검찰 개혁 - 실검 제안 - 비선총장 주광덕 어떤가요?",362,"https://www.clien.net/service/board/park/14074345?od=T31&po=1&category=&groupCd","김성태 딸 채용건   장제원 아들 음주운전건   나경원 아들 국적      등 이슈가 발생하면      그 좋아하는 “절차”에 따라서 수사하고 마무리를 지어야지      항상 뭔가 조금 끌적대다가 기다 아니다 결론도 없이 그냥 사라짐.      아님 기레기들이 담합해서 보도를 안해서 그런가요."
"검찰자한당내통 - 통화도 기획 같습니다.",765,"https://www.clien.net/service/board/park/14074344?od=T31&po=1&category=&groupCd","김성태 딸 채용건   장제원 아들 음주운전건   나경원 아들 국적      등 이슈가 발생하면      그 좋아하는 “절차”에 따라서 수사하고 마무리를 지어야지      항상 뭔가 조금 끌적대다가 기다 아니다 결론도 없이 그냥 사라짐.      아님 기레기들이 담합해서 보도를 안해서 그런가요."
"검찰자한당내통 검찰, 자일당 니들때문에 촛불이 다시 시작되는구나",233,"https://www.clien.net/service/board/park/14074341?od=T31&po=1&category=&groupCd","김성태 딸 채용건   장제원 아들 음주운전건   나경원 아들 국적      등 이슈가 발생하면      그 좋아하는 “절차”에 따라서 수사하고 마무리를 지어야지      항상 뭔가 조금 끌적대다가 기다 아니다 결론도 없이 그냥 사라짐.      아님 기레기들이 담합해서 보도를 안해서 그런가요."
"검찰자한당내통",70,"https://www.clien.net/service/board/park/14074340?od=T31&po=1&category=&groupCd","김성태 딸 채용건   장제원 아들 음주운전건   나경원 아들 국적      등 이슈가 발생하면      그 좋아하는 “절차”에 따라서 수사하고 마무리를 지어야지      항상 뭔가 조금 끌적대다가 기다 아니다 결론도 없이 그냥 사라짐.      아님 기레기들이 담합해서 보도를 안해서 그런가요."
"검찰자한당 내통-이것들 하는 짓거리 보면...",130,"https://www.clien.net/service/board/park/14074339?od=T31&po=1&category=&groupCd","김성태 딸 채용건   장제원 아들 음주운전건   나경원 아들 국적      등 이슈가 발생하면      그 좋아하는 “절차”에 따라서 수사하고 마무리를 지어야지      항상 뭔가 조금 끌적대다가 기다 아니다 결론도 없이 그냥 사라짐.      아님 기레기들이 담합해서 보도를 안해서 그런가요."
"검찰자한당내통",39,"https://www.clien.net/service/board/park/14074338?od=T31&po=1&category=&groupCd","김성태 딸 채용건   장제원 아들 음주운전건   나경원 아들 국적      등 이슈가 발생하면      그 좋아하는 “절차”에 따라서 수사하고 마무리를 지어야지      항상 뭔가 조금 끌적대다가 기다 아니다 결론도 없이 그냥 사라짐.      아님 기레기들이 담합해서 보도를 안해서 그런가요."
"검찰자한당내통 - 검색으로라도",62,"https://www.clien.net/service/board/park/14074337?od=T31&po=1&category=&groupCd","김성태 딸 채용건   장제원 아들 음주운전건   나경원 아들 국적      등 이슈가 발생하면      그 좋아하는 “절차”에 따라서 수사하고 마무리를 지어야지      항상 뭔가 조금 끌적대다가 기다 아니다 결론도 없이 그냥 사라짐.      아님 기레기들이 담합해서 보도를 안해서 그런가요."
"검찰자한당내통? 검찰토착왜구내통!",47,"https://www.clien.net/service/board/park/14074335?od=T31&po=1&category=&groupCd","김성태 딸 채용건   장제원 아들 음주운전건   나경원 아들 국적      등 이슈가 발생하면      그 좋아하는 “절차”에 따라서 수사하고 마무리를 지어야지      항상 뭔가 조금 끌적대다가 기다 아니다 결론도 없이 그냥 사라짐.      아님 기레기들이 담합해서 보도를 안해서 그런가요."
"평화나라 티켓 환불글을 보고 생각난 무한동력 자금조달법",407,"https://www.clien.net/service/board/park/14074333?od=T31&po=1&category=&groupCd","김성태 딸 채용건   장제원 아들 음주운전건   나경원 아들 국적      등 이슈가 발생하면      그 좋아하는 “절차”에 따라서 수사하고 마무리를 지어야지      항상 뭔가 조금 끌적대다가 기다 아니다 결론도 없이 그냥 사라짐.      아님 기레기들이 담합해서 보도를 안해서 그런가요."
"[펌] 검찰은 국민감정에 불을 질렀다",1382,"https://www.clien.net/service/board/park/14074331?od=T31&po=1&category=&groupCd","김성태 딸 채용건   장제원 아들 음주운전건   나경원 아들 국적      등 이슈가 발생하면      그 좋아하는 “절차”에 따라서 수사하고 마무리를 지어야지      항상 뭔가 조금 끌적대다가 기다 아니다 결론도 없이 그냥 사라짐.      아님 기레기들이 담합해서 보도를 안해서 그런가요."
"검찰자한당내통 [내일과 모레 실검은 중앙지검촛불집회 같은 키워드로 가야겠죠?]",354,"https://www.clien.net/service/board/park/14074330?od=T31&po=1&category=&groupCd","김성태 딸 채용건   장제원 아들 음주운전건   나경원 아들 국적      등 이슈가 발생하면      그 좋아하는 “절차”에 따라서 수사하고 마무리를 지어야지      항상 뭔가 조금 끌적대다가 기다 아니다 결론도 없이 그냥 사라짐.      아님 기레기들이 담합해서 보도를 안해서 그런가요."
"검찰-자한당-조중동이 붙어 다닌다는 건 기사 통계로 추측을 해볼수 있죠.jpg",354,"https://www.clien.net/service/board/park/14074329?od=T31&po=1&category=&groupCd","김성태 딸 채용건   장제원 아들 음주운전건   나경원 아들 국적      등 이슈가 발생하면      그 좋아하는 “절차”에 따라서 수사하고 마무리를 지어야지      항상 뭔가 조금 끌적대다가 기다 아니다 결론도 없이 그냥 사라짐.      아님 기레기들이 담합해서 보도를 안해서 그런가요."
"검찰자한당내통. 많은 언론들이 태세전환 중인 것 같네요.",1050,"https://www.clien.net/service/board/park/14074328?od=T31&po=1&category=&groupCd","김성태 딸 채용건   장제원 아들 음주운전건   나경원 아들 국적      등 이슈가 발생하면      그 좋아하는 “절차”에 따라서 수사하고 마무리를 지어야지      항상 뭔가 조금 끌적대다가 기다 아니다 결론도 없이 그냥 사라짐.      아님 기레기들이 담합해서 보도를 안해서 그런가요."
"이 분이 원래 이쪽라인이셨나요??ㄷㄷㄷ",1171,"https://www.clien.net/service/board/park/14074327?od=T31&po=1&category=&groupCd","김성태 딸 채용건   장제원 아들 음주운전건   나경원 아들 국적      등 이슈가 발생하면      그 좋아하는 “절차”에 따라서 수사하고 마무리를 지어야지      항상 뭔가 조금 끌적대다가 기다 아니다 결론도 없이 그냥 사라짐.      아님 기레기들이 담합해서 보도를 안해서 그런가요."
"트윗의 대한일본인 근황.twt",1932,"https://www.clien.net/service/board/park/14074326?od=T31&po=1&category=&groupCd","김성태 딸 채용건   장제원 아들 음주운전건   나경원 아들 국적      등 이슈가 발생하면      그 좋아하는 “절차”에 따라서 수사하고 마무리를 지어야지      항상 뭔가 조금 끌적대다가 기다 아니다 결론도 없이 그냥 사라짐.      아님 기레기들이 담합해서 보도를 안해서 그런가요."
"검찰자한당내통",65,"https://www.clien.net/service/board/park/14074325?od=T31&po=1&category=&groupCd","김성태 딸 채용건   장제원 아들 음주운전건   나경원 아들 국적      등 이슈가 발생하면      그 좋아하는 “절차”에 따라서 수사하고 마무리를 지어야지      항상 뭔가 조금 끌적대다가 기다 아니다 결론도 없이 그냥 사라짐.      아님 기레기들이 담합해서 보도를 안해서 그런가요."
"검찰자한당내통",41,"https://www.clien.net/service/board/park/14074324?od=T31&po=1&category=&groupCd","김성태 딸 채용건   장제원 아들 음주운전건   나경원 아들 국적      등 이슈가 발생하면      그 좋아하는 “절차”에 따라서 수사하고 마무리를 지어야지      항상 뭔가 조금 끌적대다가 기다 아니다 결론도 없이 그냥 사라짐.      아님 기레기들이 담합해서 보도를 안해서 그런가요."
"아내를 버려야겠습니까?",1427,"https://www.clien.net/service/board/park/14074323?od=T31&po=1&category=&groupCd","김성태 딸 채용건   장제원 아들 음주운전건   나경원 아들 국적      등 이슈가 발생하면      그 좋아하는 “절차”에 따라서 수사하고 마무리를 지어야지      항상 뭔가 조금 끌적대다가 기다 아니다 결론도 없이 그냥 사라짐.      아님 기레기들이 담합해서 보도를 안해서 그런가요."
"검찰개혁 - 단순히 검찰 개혁을 하는 것 뿐인지 알았는데",223,"https://www.clien.net/service/board/park/14074322?od=T31&po=1&category=&groupCd","김성태 딸 채용건   장제원 아들 음주운전건   나경원 아들 국적      등 이슈가 발생하면      그 좋아하는 “절차”에 따라서 수사하고 마무리를 지어야지      항상 뭔가 조금 끌적대다가 기다 아니다 결론도 없이 그냥 사라짐.      아님 기레기들이 담합해서 보도를 안해서 그런가요."
"검찰자한당내통",35,"https://www.clien.net/service/board/park/14074321?od=T31&po=1&category=&groupCd","김성태 딸 채용건   장제원 아들 음주운전건   나경원 아들 국적      등 이슈가 발생하면      그 좋아하는 “절차”에 따라서 수사하고 마무리를 지어야지      항상 뭔가 조금 끌적대다가 기다 아니다 결론도 없이 그냥 사라짐.      아님 기레기들이 담합해서 보도를 안해서 그런가요."
"자유당이 檢 수사로 벌벌 떠는 보좌진들에게 해준 일",960,"https://www.clien.net/service/board/park/14074320?od=T31&po=1&category=&groupCd","김성태 딸 채용건   장제원 아들 음주운전건   나경원 아들 국적      등 이슈가 발생하면      그 좋아하는 “절차”에 따라서 수사하고 마무리를 지어야지      항상 뭔가 조금 끌적대다가 기다 아니다 결론도 없이 그냥 사라짐.      아님 기레기들이 담합해서 보도를 안해서 그런가요."
"검찰자한당내통",45,"https://www.clien.net/service/board/park/14074318?od=T31&po=1&category=&groupCd","김성태 딸 채용건   장제원 아들 음주운전건   나경원 아들 국적      등 이슈가 발생하면      그 좋아하는 “절차”에 따라서 수사하고 마무리를 지어야지      항상 뭔가 조금 끌적대다가 기다 아니다 결론도 없이 그냥 사라짐.      아님 기레기들이 담합해서 보도를 안해서 그런가요."
"업무 결과에 따른 스트레스...",276,"https://www.clien.net/service/board/park/14074317?od=T31&po=1&category=&groupCd","김성태 딸 채용건   장제원 아들 음주운전건   나경원 아들 국적      등 이슈가 발생하면      그 좋아하는 “절차”에 따라서 수사하고 마무리를 지어야지      항상 뭔가 조금 끌적대다가 기다 아니다 결론도 없이 그냥 사라짐.      아님 기레기들이 담합해서 보도를 안해서 그런가요."
"검찰자한당내통",63,"https://www.clien.net/service/board/park/14074315?od=T31&po=1&category=&groupCd","김성태 딸 채용건   장제원 아들 음주운전건   나경원 아들 국적      등 이슈가 발생하면      그 좋아하는 “절차”에 따라서 수사하고 마무리를 지어야지      항상 뭔가 조금 끌적대다가 기다 아니다 결론도 없이 그냥 사라짐.      아님 기레기들이 담합해서 보도를 안해서 그런가요."
"아이폰 리프레시 땜에 환장하것네요.",409,"https://www.clien.net/service/board/park/14074314?od=T31&po=1&category=&groupCd","김성태 딸 채용건   장제원 아들 음주운전건   나경원 아들 국적      등 이슈가 발생하면      그 좋아하는 “절차”에 따라서 수사하고 마무리를 지어야지      항상 뭔가 조금 끌적대다가 기다 아니다 결론도 없이 그냥 사라짐.      아님 기레기들이 담합해서 보도를 안해서 그런가요."
"검찰자한당내통 - 탐 형님은 헬기 조종도 배웠군요.유튜브",235,"https://www.clien.net/service/board/park/14074313?od=T31&po=1&category=&groupCd","김성태 딸 채용건   장제원 아들 음주운전건   나경원 아들 국적      등 이슈가 발생하면      그 좋아하는 “절차”에 따라서 수사하고 마무리를 지어야지      항상 뭔가 조금 끌적대다가 기다 아니다 결론도 없이 그냥 사라짐.      아님 기레기들이 담합해서 보도를 안해서 그런가요."
"심심해서 검색하다가 발견한 약인데유 이름이...",517,"https://www.clien.net/service/board/park/14074312?od=T31&po=1&category=&groupCd","김성태 딸 채용건   장제원 아들 음주운전건   나경원 아들 국적      등 이슈가 발생하면      그 좋아하는 “절차”에 따라서 수사하고 마무리를 지어야지      항상 뭔가 조금 끌적대다가 기다 아니다 결론도 없이 그냥 사라짐.      아님 기레기들이 담합해서 보도를 안해서 그런가요."
"검찰자한당내통 윤석열 리더십이 심각한 수준이네요",1625,"https://www.clien.net/service/board/park/14074311?od=T31&po=1&category=&groupCd","김성태 딸 채용건   장제원 아들 음주운전건   나경원 아들 국적      등 이슈가 발생하면      그 좋아하는 “절차”에 따라서 수사하고 마무리를 지어야지      항상 뭔가 조금 끌적대다가 기다 아니다 결론도 없이 그냥 사라짐.      아님 기레기들이 담합해서 보도를 안해서 그런가요."
"검찰자한당내통",146,"https://www.clien.net/service/board/park/14074310?od=T31&po=1&category=&groupCd","김성태 딸 채용건   장제원 아들 음주운전건   나경원 아들 국적      등 이슈가 발생하면      그 좋아하는 “절차”에 따라서 수사하고 마무리를 지어야지      항상 뭔가 조금 끌적대다가 기다 아니다 결론도 없이 그냥 사라짐.      아님 기레기들이 담합해서 보도를 안해서 그런가요."
"아이폰11프로 맥스 카메라",706,"https://www.clien.net/service/board/park/14074309?od=T31&po=2&category=&groupCd","김성태 딸 채용건   장제원 아들 음주운전건   나경원 아들 국적      등 이슈가 발생하면      그 좋아하는 “절차”에 따라서 수사하고 마무리를 지어야지      항상 뭔가 조금 끌적대다가 기다 아니다 결론도 없이 그냥 사라짐.      아님 기레기들이 담합해서 보도를 안해서 그런가요."
"검찰자한당내통",49,"https://www.clien.net/service/board/park/14074308?od=T31&po=2&category=&groupCd","김성태 딸 채용건   장제원 아들 음주운전건   나경원 아들 국적      등 이슈가 발생하면      그 좋아하는 “절차”에 따라서 수사하고 마무리를 지어야지      항상 뭔가 조금 끌적대다가 기다 아니다 결론도 없이 그냥 사라짐.      아님 기레기들이 담합해서 보도를 안해서 그런가요."
"검찰자한당내통- 네이버 9위 입성~!",270,"https://www.clien.net/service/board/park/14074307?od=T31&po=2&category=&groupCd","김성태 딸 채용건   장제원 아들 음주운전건   나경원 아들 국적      등 이슈가 발생하면      그 좋아하는 “절차”에 따라서 수사하고 마무리를 지어야지      항상 뭔가 조금 끌적대다가 기다 아니다 결론도 없이 그냥 사라짐.      아님 기레기들이 담합해서 보도를 안해서 그런가요."
"검찰자한당내통 - 네이년 9위",100,"https://www.clien.net/service/board/park/14074306?od=T31&po=2&category=&groupCd","김성태 딸 채용건   장제원 아들 음주운전건   나경원 아들 국적      등 이슈가 발생하면      그 좋아하는 “절차”에 따라서 수사하고 마무리를 지어야지      항상 뭔가 조금 끌적대다가 기다 아니다 결론도 없이 그냥 사라짐.      아님 기레기들이 담합해서 보도를 안해서 그런가요."
"미확인 비행물체 로드를 봤습니다?",327,"https://www.clien.net/service/board/park/14074305?od=T31&po=2&category=&groupCd","김성태 딸 채용건   장제원 아들 음주운전건   나경원 아들 국적      등 이슈가 발생하면      그 좋아하는 “절차”에 따라서 수사하고 마무리를 지어야지      항상 뭔가 조금 끌적대다가 기다 아니다 결론도 없이 그냥 사라짐.      아님 기레기들이 담합해서 보도를 안해서 그런가요."
"검찰자한당내통 - 사장님 인스타 근황 (후방아님)",1671,"https://www.clien.net/service/board/park/14074303?od=T31&po=2&category=&groupCd","김성태 딸 채용건   장제원 아들 음주운전건   나경원 아들 국적      등 이슈가 발생하면      그 좋아하는 “절차”에 따라서 수사하고 마무리를 지어야지      항상 뭔가 조금 끌적대다가 기다 아니다 결론도 없이 그냥 사라짐.      아님 기레기들이 담합해서 보도를 안해서 그런가요."
"검찰자한당내통.. (냉무)",89,"https://www.clien.net/service/board/park/14074302?od=T31&po=2&category=&groupCd","김성태 딸 채용건   장제원 아들 음주운전건   나경원 아들 국적      등 이슈가 발생하면      그 좋아하는 “절차”에 따라서 수사하고 마무리를 지어야지      항상 뭔가 조금 끌적대다가 기다 아니다 결론도 없이 그냥 사라짐.      아님 기레기들이 담합해서 보도를 안해서 그런가요."
"타짜 고니 명대사",973,"https://www.clien.net/service/board/park/14074300?od=T31&po=2&category=&groupCd","김성태 딸 채용건   장제원 아들 음주운전건   나경원 아들 국적      등 이슈가 발생하면      그 좋아하는 “절차”에 따라서 수사하고 마무리를 지어야지      항상 뭔가 조금 끌적대다가 기다 아니다 결론도 없이 그냥 사라짐.      아님 기레기들이 담합해서 보도를 안해서 그런가요."
"검찰자한당내통 - '조국 압수수색 전화 파문에 조국 지지자들 '실검운동'' ?",1011,"https://www.clien.net/service/board/park/14074299?od=T31&po=2&category=&groupCd","김성태 딸 채용건   장제원 아들 음주운전건   나경원 아들 국적      등 이슈가 발생하면      그 좋아하는 “절차”에 따라서 수사하고 마무리를 지어야지      항상 뭔가 조금 끌적대다가 기다 아니다 결론도 없이 그냥 사라짐.      아님 기레기들이 담합해서 보도를 안해서 그런가요."
"검찰자한당내통",54,"https://www.clien.net/service/board/park/14074296?od=T31&po=2&category=&groupCd","김성태 딸 채용건   장제원 아들 음주운전건   나경원 아들 국적      등 이슈가 발생하면      그 좋아하는 “절차”에 따라서 수사하고 마무리를 지어야지      항상 뭔가 조금 끌적대다가 기다 아니다 결론도 없이 그냥 사라짐.      아님 기레기들이 담합해서 보도를 안해서 그런가요."
"검찰자한당내통",52,"https://www.clien.net/service/board/park/14074295?od=T31&po=2&category=&groupCd","김성태 딸 채용건   장제원 아들 음주운전건   나경원 아들 국적      등 이슈가 발생하면      그 좋아하는 “절차”에 따라서 수사하고 마무리를 지어야지      항상 뭔가 조금 끌적대다가 기다 아니다 결론도 없이 그냥 사라짐.      아님 기레기들이 담합해서 보도를 안해서 그런가요."
"오랜만에 소환해봅니다. 길!",644,"https://www.clien.net/service/board/park/14074294?od=T31&po=2&category=&groupCd","김성태 딸 채용건   장제원 아들 음주운전건   나경원 아들 국적      등 이슈가 발생하면      그 좋아하는 “절차”에 따라서 수사하고 마무리를 지어야지      항상 뭔가 조금 끌적대다가 기다 아니다 결론도 없이 그냥 사라짐.      아님 기레기들이 담합해서 보도를 안해서 그런가요."
"'행정처리에 불만' 50대 여성 공무원 뺨 때려 고막 파열",1195,"https://www.clien.net/service/board/park/14074290?od=T31&po=2&category=&groupCd","김성태 딸 채용건   장제원 아들 음주운전건   나경원 아들 국적      등 이슈가 발생하면      그 좋아하는 “절차”에 따라서 수사하고 마무리를 지어야지      항상 뭔가 조금 끌적대다가 기다 아니다 결론도 없이 그냥 사라짐.      아님 기레기들이 담합해서 보도를 안해서 그런가요."
"검찰자한당내통 - 다음1위,네이버 10위중",280,"https://www.clien.net/service/board/park/14074289?od=T31&po=2&category=&groupCd","김성태 딸 채용건   장제원 아들 음주운전건   나경원 아들 국적      등 이슈가 발생하면      그 좋아하는 “절차”에 따라서 수사하고 마무리를 지어야지      항상 뭔가 조금 끌적대다가 기다 아니다 결론도 없이 그냥 사라짐.      아님 기레기들이 담합해서 보도를 안해서 그런가요."
"검찰자한당내통(냉무)",51,"https://www.clien.net/service/board/park/14074287?od=T31&po=2&category=&groupCd","김성태 딸 채용건   장제원 아들 음주운전건   나경원 아들 국적      등 이슈가 발생하면      그 좋아하는 “절차”에 따라서 수사하고 마무리를 지어야지      항상 뭔가 조금 끌적대다가 기다 아니다 결론도 없이 그냥 사라짐.      아님 기레기들이 담합해서 보도를 안해서 그런가요."
"검찰자한당내통 - 빼박캔트 범죄자 집단",252,"https://www.clien.net/service/board/park/14074286?od=T31&po=2&category=&groupCd","김성태 딸 채용건   장제원 아들 음주운전건   나경원 아들 국적      등 이슈가 발생하면      그 좋아하는 “절차”에 따라서 수사하고 마무리를 지어야지      항상 뭔가 조금 끌적대다가 기다 아니다 결론도 없이 그냥 사라짐.      아님 기레기들이 담합해서 보도를 안해서 그런가요."
"검찰개혁 촛불집회, 토요일 6시 서초역 (끌올)",742,"https://www.clien.net/service/board/park/14074285?od=T31&po=2&category=&groupCd","김성태 딸 채용건   장제원 아들 음주운전건   나경원 아들 국적      등 이슈가 발생하면      그 좋아하는 “절차”에 따라서 수사하고 마무리를 지어야지      항상 뭔가 조금 끌적대다가 기다 아니다 결론도 없이 그냥 사라짐.      아님 기레기들이 담합해서 보도를 안해서 그런가요."
"셀 수 없는 - 샤이니 (종현 온유 민호 키 태민) -",189,"https://www.clien.net/service/board/park/14074284?od=T31&po=2&category=&groupCd","김성태 딸 채용건   장제원 아들 음주운전건   나경원 아들 국적      등 이슈가 발생하면      그 좋아하는 “절차”에 따라서 수사하고 마무리를 지어야지      항상 뭔가 조금 끌적대다가 기다 아니다 결론도 없이 그냥 사라짐.      아님 기레기들이 담합해서 보도를 안해서 그런가요."
"국내 애플케어플러스가 패드에 2주만에 적용이 되었네요...",232,"https://www.clien.net/service/board/park/14074280?od=T31&po=2&category=&groupCd","김성태 딸 채용건   장제원 아들 음주운전건   나경원 아들 국적      등 이슈가 발생하면      그 좋아하는 “절차”에 따라서 수사하고 마무리를 지어야지      항상 뭔가 조금 끌적대다가 기다 아니다 결론도 없이 그냥 사라짐.      아님 기레기들이 담합해서 보도를 안해서 그런가요."
"훈련소 입소후 첫 기상날.gif",1525,"https://www.clien.net/service/board/park/14074279?od=T31&po=2&category=&groupCd","김성태 딸 채용건   장제원 아들 음주운전건   나경원 아들 국적      등 이슈가 발생하면      그 좋아하는 “절차”에 따라서 수사하고 마무리를 지어야지      항상 뭔가 조금 끌적대다가 기다 아니다 결론도 없이 그냥 사라짐.      아님 기레기들이 담합해서 보도를 안해서 그런가요."
"연세대 ""당시 정원 미달""",2860,"https://www.clien.net/service/board/park/14074278?od=T31&po=2&category=&groupCd","김성태 딸 채용건   장제원 아들 음주운전건   나경원 아들 국적      등 이슈가 발생하면      그 좋아하는 “절차”에 따라서 수사하고 마무리를 지어야지      항상 뭔가 조금 끌적대다가 기다 아니다 결론도 없이 그냥 사라짐.      아님 기레기들이 담합해서 보도를 안해서 그런가요."
"제가 생각하는 폴드의 최고의 장점은",876,"https://www.clien.net/service/board/park/14074277?od=T31&po=2&category=&groupCd","김성태 딸 채용건   장제원 아들 음주운전건   나경원 아들 국적      등 이슈가 발생하면      그 좋아하는 “절차”에 따라서 수사하고 마무리를 지어야지      항상 뭔가 조금 끌적대다가 기다 아니다 결론도 없이 그냥 사라짐.      아님 기레기들이 담합해서 보도를 안해서 그런가요."
"오늘의 사자.jpg",701,"https://www.clien.net/service/board/park/14074276?od=T31&po=2&category=&groupCd","김성태 딸 채용건   장제원 아들 음주운전건   나경원 아들 국적      등 이슈가 발생하면      그 좋아하는 “절차”에 따라서 수사하고 마무리를 지어야지      항상 뭔가 조금 끌적대다가 기다 아니다 결론도 없이 그냥 사라짐.      아님 기레기들이 담합해서 보도를 안해서 그런가요."
"이승원 아나의 세계는 그리고 우리는 추천합니다.",528,"https://www.clien.net/service/board/park/14074274?od=T31&po=2&category=&groupCd","김성태 딸 채용건   장제원 아들 음주운전건   나경원 아들 국적      등 이슈가 발생하면      그 좋아하는 “절차”에 따라서 수사하고 마무리를 지어야지      항상 뭔가 조금 끌적대다가 기다 아니다 결론도 없이 그냥 사라짐.      아님 기레기들이 담합해서 보도를 안해서 그런가요."
"검찰자한당내통 - 네이버실검 11위 화력요청 (냉무)",447,"https://www.clien.net/service/board/park/14074269?od=T31&po=2&category=&groupCd","김성태 딸 채용건   장제원 아들 음주운전건   나경원 아들 국적      등 이슈가 발생하면      그 좋아하는 “절차”에 따라서 수사하고 마무리를 지어야지      항상 뭔가 조금 끌적대다가 기다 아니다 결론도 없이 그냥 사라짐.      아님 기레기들이 담합해서 보도를 안해서 그런가요."
"아이패드 미니5 VS 아이패드 에어3",718,"https://www.clien.net/service/board/park/14074268?od=T31&po=2&category=&groupCd","김성태 딸 채용건   장제원 아들 음주운전건   나경원 아들 국적      등 이슈가 발생하면      그 좋아하는 “절차”에 따라서 수사하고 마무리를 지어야지      항상 뭔가 조금 끌적대다가 기다 아니다 결론도 없이 그냥 사라짐.      아님 기레기들이 담합해서 보도를 안해서 그런가요."
"돼지열병 확산 기레기들 의심이 됩니다.",1247,"https://www.clien.net/service/board/park/14074267?od=T31&po=2&category=&groupCd","김성태 딸 채용건   장제원 아들 음주운전건   나경원 아들 국적      등 이슈가 발생하면      그 좋아하는 “절차”에 따라서 수사하고 마무리를 지어야지      항상 뭔가 조금 끌적대다가 기다 아니다 결론도 없이 그냥 사라짐.      아님 기레기들이 담합해서 보도를 안해서 그런가요."
"군인 휴대 전화 줬다가 뺏으라는 사람들.avi",1017,"https://www.clien.net/service/board/park/14074266?od=T31&po=2&category=&groupCd","김성태 딸 채용건   장제원 아들 음주운전건   나경원 아들 국적      등 이슈가 발생하면      그 좋아하는 “절차”에 따라서 수사하고 마무리를 지어야지      항상 뭔가 조금 끌적대다가 기다 아니다 결론도 없이 그냥 사라짐.      아님 기레기들이 담합해서 보도를 안해서 그런가요."
"국회의원의 면책특권은...",480,"https://www.clien.net/service/board/park/14074265?od=T31&po=2&category=&groupCd","김성태 딸 채용건   장제원 아들 음주운전건   나경원 아들 국적      등 이슈가 발생하면      그 좋아하는 “절차”에 따라서 수사하고 마무리를 지어야지      항상 뭔가 조금 끌적대다가 기다 아니다 결론도 없이 그냥 사라짐.      아님 기레기들이 담합해서 보도를 안해서 그런가요."
"청와대 분위기 짐작해 보시길",2698,"https://www.clien.net/service/board/park/14074263?od=T31&po=2&category=&groupCd","김성태 딸 채용건   장제원 아들 음주운전건   나경원 아들 국적      등 이슈가 발생하면      그 좋아하는 “절차”에 따라서 수사하고 마무리를 지어야지      항상 뭔가 조금 끌적대다가 기다 아니다 결론도 없이 그냥 사라짐.      아님 기레기들이 담합해서 보도를 안해서 그런가요."
"백사장 착륙.gifv",947,"https://www.clien.net/service/board/park/14074262?od=T31&po=3&category=&groupCd","김성태 딸 채용건   장제원 아들 음주운전건   나경원 아들 국적      등 이슈가 발생하면      그 좋아하는 “절차”에 따라서 수사하고 마무리를 지어야지      항상 뭔가 조금 끌적대다가 기다 아니다 결론도 없이 그냥 사라짐.      아님 기레기들이 담합해서 보도를 안해서 그런가요."
"검찰자한당내통 - 무엇에 쓰는 물건일까요?",589,"https://www.clien.net/service/board/park/14074261?od=T31&po=3&category=&groupCd","김성태 딸 채용건   장제원 아들 음주운전건   나경원 아들 국적      등 이슈가 발생하면      그 좋아하는 “절차”에 따라서 수사하고 마무리를 지어야지      항상 뭔가 조금 끌적대다가 기다 아니다 결론도 없이 그냥 사라짐.      아님 기레기들이 담합해서 보도를 안해서 그런가요."
"눈 뜨고 보고 있기 힘들 정도네요",667,"https://www.clien.net/service/board/park/14074260?od=T31&po=3&category=&groupCd","김성태 딸 채용건   장제원 아들 음주운전건   나경원 아들 국적      등 이슈가 발생하면      그 좋아하는 “절차”에 따라서 수사하고 마무리를 지어야지      항상 뭔가 조금 끌적대다가 기다 아니다 결론도 없이 그냥 사라짐.      아님 기레기들이 담합해서 보도를 안해서 그런가요."
"나 베스트가 방역현장 가서 도열시킬 때도 되었는데...",352,"https://www.clien.net/service/board/park/14074259?od=T31&po=3&category=&groupCd","김성태 딸 채용건   장제원 아들 음주운전건   나경원 아들 국적      등 이슈가 발생하면      그 좋아하는 “절차”에 따라서 수사하고 마무리를 지어야지      항상 뭔가 조금 끌적대다가 기다 아니다 결론도 없이 그냥 사라짐.      아님 기레기들이 담합해서 보도를 안해서 그런가요."
"검찰자한당내통 네이버 현재 실검11위",725,"https://www.clien.net/service/board/park/14074258?od=T31&po=3&category=&groupCd","김성태 딸 채용건   장제원 아들 음주운전건   나경원 아들 국적      등 이슈가 발생하면      그 좋아하는 “절차”에 따라서 수사하고 마무리를 지어야지      항상 뭔가 조금 끌적대다가 기다 아니다 결론도 없이 그냥 사라짐.      아님 기레기들이 담합해서 보도를 안해서 그런가요."
"검찰 반응을 보니 머리 모자란 애가 사고친 것 같네요.",1999,"https://www.clien.net/service/board/park/14074256?od=T31&po=3&category=&groupCd","김성태 딸 채용건   장제원 아들 음주운전건   나경원 아들 국적      등 이슈가 발생하면      그 좋아하는 “절차”에 따라서 수사하고 마무리를 지어야지      항상 뭔가 조금 끌적대다가 기다 아니다 결론도 없이 그냥 사라짐.      아님 기레기들이 담합해서 보도를 안해서 그런가요."
"김종민의원...어떻게 조국장관 수사상황이 야당의원에게 직보됩니까!!!!",2468,"https://www.clien.net/service/board/park/14074255?od=T31&po=3&category=&groupCd","김성태 딸 채용건   장제원 아들 음주운전건   나경원 아들 국적      등 이슈가 발생하면      그 좋아하는 “절차”에 따라서 수사하고 마무리를 지어야지      항상 뭔가 조금 끌적대다가 기다 아니다 결론도 없이 그냥 사라짐.      아님 기레기들이 담합해서 보도를 안해서 그런가요."
"김어준 총수가 돈에 구애받지 않는 이유",2337,"https://www.clien.net/service/board/park/14074254?od=T31&po=3&category=&groupCd","김성태 딸 채용건   장제원 아들 음주운전건   나경원 아들 국적      등 이슈가 발생하면      그 좋아하는 “절차”에 따라서 수사하고 마무리를 지어야지      항상 뭔가 조금 끌적대다가 기다 아니다 결론도 없이 그냥 사라짐.      아님 기레기들이 담합해서 보도를 안해서 그런가요."
"일본 신주쿠역에서 데모!!",1040,"https://www.clien.net/service/board/park/14074253?od=T31&po=3&category=&groupCd","김성태 딸 채용건   장제원 아들 음주운전건   나경원 아들 국적      등 이슈가 발생하면      그 좋아하는 “절차”에 따라서 수사하고 마무리를 지어야지      항상 뭔가 조금 끌적대다가 기다 아니다 결론도 없이 그냥 사라짐.      아님 기레기들이 담합해서 보도를 안해서 그런가요."
"윤석열은 검찰춘장에서 바지춘장으로 내려가나요?",895,"https://www.clien.net/service/board/park/14074251?od=T31&po=3&category=&groupCd","김성태 딸 채용건   장제원 아들 음주운전건   나경원 아들 국적      등 이슈가 발생하면      그 좋아하는 “절차”에 따라서 수사하고 마무리를 지어야지      항상 뭔가 조금 끌적대다가 기다 아니다 결론도 없이 그냥 사라짐.      아님 기레기들이 담합해서 보도를 안해서 그런가요."
"(90s) 치스비치 - 서머러브.유튜브",131,"https://www.clien.net/service/board/park/14074248?od=T31&po=3&category=&groupCd","김성태 딸 채용건   장제원 아들 음주운전건   나경원 아들 국적      등 이슈가 발생하면      그 좋아하는 “절차”에 따라서 수사하고 마무리를 지어야지      항상 뭔가 조금 끌적대다가 기다 아니다 결론도 없이 그냥 사라짐.      아님 기레기들이 담합해서 보도를 안해서 그런가요."
"검찰...'주광덕 의원에 통화관련사항 알려진 경위 알지 못해'...",2967,"https://www.clien.net/service/board/park/14074247?od=T31&po=3&category=&groupCd","김성태 딸 채용건   장제원 아들 음주운전건   나경원 아들 국적      등 이슈가 발생하면      그 좋아하는 “절차”에 따라서 수사하고 마무리를 지어야지      항상 뭔가 조금 끌적대다가 기다 아니다 결론도 없이 그냥 사라짐.      아님 기레기들이 담합해서 보도를 안해서 그런가요."
"전자책도 좋지만.. 그냥 패드류가 나은 거 같아요.",725,"https://www.clien.net/service/board/park/14074246?od=T31&po=3&category=&groupCd","김성태 딸 채용건   장제원 아들 음주운전건   나경원 아들 국적      등 이슈가 발생하면      그 좋아하는 “절차”에 따라서 수사하고 마무리를 지어야지      항상 뭔가 조금 끌적대다가 기다 아니다 결론도 없이 그냥 사라짐.      아님 기레기들이 담합해서 보도를 안해서 그런가요."
"김어준이 신문사 하나 만들면 좋겠어요.",709,"https://www.clien.net/service/board/park/14074244?od=T31&po=3&category=&groupCd","김성태 딸 채용건   장제원 아들 음주운전건   나경원 아들 국적      등 이슈가 발생하면      그 좋아하는 “절차”에 따라서 수사하고 마무리를 지어야지      항상 뭔가 조금 끌적대다가 기다 아니다 결론도 없이 그냥 사라짐.      아님 기레기들이 담합해서 보도를 안해서 그런가요."
"검찰총장주광덕",264,"https://www.clien.net/service/board/park/14074243?od=T31&po=3&category=&groupCd","김성태 딸 채용건   장제원 아들 음주운전건   나경원 아들 국적      등 이슈가 발생하면      그 좋아하는 “절차”에 따라서 수사하고 마무리를 지어야지      항상 뭔가 조금 끌적대다가 기다 아니다 결론도 없이 그냥 사라짐.      아님 기레기들이 담합해서 보도를 안해서 그런가요."
"[펌] 윤석열 총장과 자유한국당 주광덕과 절친사이",1735,"https://www.clien.net/service/board/park/14074242?od=T31&po=3&category=&groupCd","김성태 딸 채용건   장제원 아들 음주운전건   나경원 아들 국적      등 이슈가 발생하면      그 좋아하는 “절차”에 따라서 수사하고 마무리를 지어야지      항상 뭔가 조금 끌적대다가 기다 아니다 결론도 없이 그냥 사라짐.      아님 기레기들이 담합해서 보도를 안해서 그런가요."
"JTBC 유튜브는 안 보는 게 싫어요 보다 더 낫습니다.",650,"https://www.clien.net/service/board/park/14074240?od=T31&po=3&category=&groupCd","김성태 딸 채용건   장제원 아들 음주운전건   나경원 아들 국적      등 이슈가 발생하면      그 좋아하는 “절차”에 따라서 수사하고 마무리를 지어야지      항상 뭔가 조금 끌적대다가 기다 아니다 결론도 없이 그냥 사라짐.      아님 기레기들이 담합해서 보도를 안해서 그런가요."
"(덴마) 지금 제 핸드폰 잠금화면",994,"https://www.clien.net/service/board/park/14074239?od=T31&po=3&category=&groupCd","김성태 딸 채용건   장제원 아들 음주운전건   나경원 아들 국적      등 이슈가 발생하면      그 좋아하는 “절차”에 따라서 수사하고 마무리를 지어야지      항상 뭔가 조금 끌적대다가 기다 아니다 결론도 없이 그냥 사라짐.      아님 기레기들이 담합해서 보도를 안해서 그런가요."
"지하철 출입문 잠근인간 잡고 싶네요",1144,"https://www.clien.net/service/board/park/14074237?od=T31&po=3&category=&groupCd","김성태 딸 채용건   장제원 아들 음주운전건   나경원 아들 국적      등 이슈가 발생하면      그 좋아하는 “절차”에 따라서 수사하고 마무리를 지어야지      항상 뭔가 조금 끌적대다가 기다 아니다 결론도 없이 그냥 사라짐.      아님 기레기들이 담합해서 보도를 안해서 그런가요."
"주광덕검찰청장",642,"https://www.clien.net/service/board/park/14074236?od=T31&po=3&category=&groupCd","김성태 딸 채용건   장제원 아들 음주운전건   나경원 아들 국적      등 이슈가 발생하면      그 좋아하는 “절차”에 따라서 수사하고 마무리를 지어야지      항상 뭔가 조금 끌적대다가 기다 아니다 결론도 없이 그냥 사라짐.      아님 기레기들이 담합해서 보도를 안해서 그런가요."
"야당수사지휘-심각합니다.민주당 강하게 나가시길",458,"https://www.clien.net/service/board/park/14074232?od=T31&po=3&category=&groupCd","김성태 딸 채용건   장제원 아들 음주운전건   나경원 아들 국적      등 이슈가 발생하면      그 좋아하는 “절차”에 따라서 수사하고 마무리를 지어야지      항상 뭔가 조금 끌적대다가 기다 아니다 결론도 없이 그냥 사라짐.      아님 기레기들이 담합해서 보도를 안해서 그런가요."
"mbc뉴스데스크 좋네요.",1253,"https://www.clien.net/service/board/park/14074231?od=T31&po=3&category=&groupCd","김성태 딸 채용건   장제원 아들 음주운전건   나경원 아들 국적      등 이슈가 발생하면      그 좋아하는 “절차”에 따라서 수사하고 마무리를 지어야지      항상 뭔가 조금 끌적대다가 기다 아니다 결론도 없이 그냥 사라짐.      아님 기레기들이 담합해서 보도를 안해서 그런가요."
"자한당검찰내통 이 사건의 몸통은 윤석열입니까",686,"https://www.clien.net/service/board/park/14074230?od=T31&po=3&category=&groupCd","김성태 딸 채용건   장제원 아들 음주운전건   나경원 아들 국적      등 이슈가 발생하면      그 좋아하는 “절차”에 따라서 수사하고 마무리를 지어야지      항상 뭔가 조금 끌적대다가 기다 아니다 결론도 없이 그냥 사라짐.      아님 기레기들이 담합해서 보도를 안해서 그런가요."
"서초구청장은 생각이 없군요..",2083,"https://www.clien.net/service/board/park/14074228?od=T31&po=3&category=&groupCd","김성태 딸 채용건   장제원 아들 음주운전건   나경원 아들 국적      등 이슈가 발생하면      그 좋아하는 “절차”에 따라서 수사하고 마무리를 지어야지      항상 뭔가 조금 끌적대다가 기다 아니다 결론도 없이 그냥 사라짐.      아님 기레기들이 담합해서 보도를 안해서 그런가요."
"검찰 자한당 내통 - 주광덕 검찰총장 물러나라",653,"https://www.clien.net/service/board/park/14074227?od=T31&po=3&category=&groupCd","김성태 딸 채용건   장제원 아들 음주운전건   나경원 아들 국적      등 이슈가 발생하면      그 좋아하는 “절차”에 따라서 수사하고 마무리를 지어야지      항상 뭔가 조금 끌적대다가 기다 아니다 결론도 없이 그냥 사라짐.      아님 기레기들이 담합해서 보도를 안해서 그런가요."
"검찰자한당내통 - 다이소에 LED촛불 사러왔는데 없는것 같네요 ㄷ",805,"https://www.clien.net/service/board/park/14074226?od=T31&po=3&category=&groupCd","김성태 딸 채용건   장제원 아들 음주운전건   나경원 아들 국적      등 이슈가 발생하면      그 좋아하는 “절차”에 따라서 수사하고 마무리를 지어야지      항상 뭔가 조금 끌적대다가 기다 아니다 결론도 없이 그냥 사라짐.      아님 기레기들이 담합해서 보도를 안해서 그런가요."
"베트남을 증오하는 캄보디아인들",1625,"https://www.clien.net/service/board/park/14074225?od=T31&po=3&category=&groupCd","김성태 딸 채용건   장제원 아들 음주운전건   나경원 아들 국적      등 이슈가 발생하면      그 좋아하는 “절차”에 따라서 수사하고 마무리를 지어야지      항상 뭔가 조금 끌적대다가 기다 아니다 결론도 없이 그냥 사라짐.      아님 기레기들이 담합해서 보도를 안해서 그런가요."
"검찰 출구전략이군요.",1299,"https://www.clien.net/service/board/park/14074223?od=T31&po=3&category=&groupCd","김성태 딸 채용건   장제원 아들 음주운전건   나경원 아들 국적      등 이슈가 발생하면      그 좋아하는 “절차”에 따라서 수사하고 마무리를 지어야지      항상 뭔가 조금 끌적대다가 기다 아니다 결론도 없이 그냥 사라짐.      아님 기레기들이 담합해서 보도를 안해서 그런가요."
"검찰자한당내통-검찰이 자한당 꼬붕이냐?",369,"https://www.clien.net/service/board/park/14074222?od=T31&po=3&category=&groupCd","김성태 딸 채용건   장제원 아들 음주운전건   나경원 아들 국적      등 이슈가 발생하면      그 좋아하는 “절차”에 따라서 수사하고 마무리를 지어야지      항상 뭔가 조금 끌적대다가 기다 아니다 결론도 없이 그냥 사라짐.      아님 기레기들이 담합해서 보도를 안해서 그런가요."
"jtbc는 이제 감시의 대상입니다.",1154,"https://www.clien.net/service/board/park/14074218?od=T31&po=3&category=&groupCd","김성태 딸 채용건   장제원 아들 음주운전건   나경원 아들 국적      등 이슈가 발생하면      그 좋아하는 “절차”에 따라서 수사하고 마무리를 지어야지      항상 뭔가 조금 끌적대다가 기다 아니다 결론도 없이 그냥 사라짐.      아님 기레기들이 담합해서 보도를 안해서 그런가요."
"검찰자한당내통 - 생기부도 그놈이 유출했을듯",999,"https://www.clien.net/service/board/park/14074217?od=T31&po=4&category=&groupCd","김성태 딸 채용건   장제원 아들 음주운전건   나경원 아들 국적      등 이슈가 발생하면      그 좋아하는 “절차”에 따라서 수사하고 마무리를 지어야지      항상 뭔가 조금 끌적대다가 기다 아니다 결론도 없이 그냥 사라짐.      아님 기레기들이 담합해서 보도를 안해서 그런가요."
"저녁메뉴 골라주세용ㅜ 라멘vs버거",721,"https://www.clien.net/service/board/park/14074216?od=T31&po=4&category=&groupCd","김성태 딸 채용건   장제원 아들 음주운전건   나경원 아들 국적      등 이슈가 발생하면      그 좋아하는 “절차”에 따라서 수사하고 마무리를 지어야지      항상 뭔가 조금 끌적대다가 기다 아니다 결론도 없이 그냥 사라짐.      아님 기레기들이 담합해서 보도를 안해서 그런가요."
"정치게 만들어 달라던 커뮤니티 정작 만들어주면 망함",499,"https://www.clien.net/service/board/park/14074214?od=T31&po=4&category=&groupCd","김성태 딸 채용건   장제원 아들 음주운전건   나경원 아들 국적      등 이슈가 발생하면      그 좋아하는 “절차”에 따라서 수사하고 마무리를 지어야지      항상 뭔가 조금 끌적대다가 기다 아니다 결론도 없이 그냥 사라짐.      아님 기레기들이 담합해서 보도를 안해서 그런가요."
"검찰자한당내통",238,"https://www.clien.net/service/board/park/14074213?od=T31&po=4&category=&groupCd","김성태 딸 채용건   장제원 아들 음주운전건   나경원 아들 국적      등 이슈가 발생하면      그 좋아하는 “절차”에 따라서 수사하고 마무리를 지어야지      항상 뭔가 조금 끌적대다가 기다 아니다 결론도 없이 그냥 사라짐.      아님 기레기들이 담합해서 보도를 안해서 그런가요."
"Michael Jackson - Man In The Mirror",178,"https://www.clien.net/service/board/park/14074212?od=T31&po=4&category=&groupCd","김성태 딸 채용건   장제원 아들 음주운전건   나경원 아들 국적      등 이슈가 발생하면      그 좋아하는 “절차”에 따라서 수사하고 마무리를 지어야지      항상 뭔가 조금 끌적대다가 기다 아니다 결론도 없이 그냥 사라짐.      아님 기레기들이 담합해서 보도를 안해서 그런가요."
"취직했습니다 ㅠㅠ",1587,"https://www.clien.net/service/board/park/14074210?od=T31&po=4&category=&groupCd","김성태 딸 채용건   장제원 아들 음주운전건   나경원 아들 국적      등 이슈가 발생하면      그 좋아하는 “절차”에 따라서 수사하고 마무리를 지어야지      항상 뭔가 조금 끌적대다가 기다 아니다 결론도 없이 그냥 사라짐.      아님 기레기들이 담합해서 보도를 안해서 그런가요."
"나경원 입장에서 보면 억울하겠어요",2168,"https://www.clien.net/service/board/park/14074209?od=T31&po=4&category=&groupCd","김성태 딸 채용건   장제원 아들 음주운전건   나경원 아들 국적      등 이슈가 발생하면      그 좋아하는 “절차”에 따라서 수사하고 마무리를 지어야지      항상 뭔가 조금 끌적대다가 기다 아니다 결론도 없이 그냥 사라짐.      아님 기레기들이 담합해서 보도를 안해서 그런가요."
"검찰자한당내통 - 검사들의 최종 빌드업 종착역이 토착왜구당인가요",640,"https://www.clien.net/service/board/park/14074208?od=T31&po=4&category=&groupCd","김성태 딸 채용건   장제원 아들 음주운전건   나경원 아들 국적      등 이슈가 발생하면      그 좋아하는 “절차”에 따라서 수사하고 마무리를 지어야지      항상 뭔가 조금 끌적대다가 기다 아니다 결론도 없이 그냥 사라짐.      아님 기레기들이 담합해서 보도를 안해서 그런가요."
"민주당이 취해야할 전략",565,"https://www.clien.net/service/board/park/14074207?od=T31&po=4&category=&groupCd","김성태 딸 채용건   장제원 아들 음주운전건   나경원 아들 국적      등 이슈가 발생하면      그 좋아하는 “절차”에 따라서 수사하고 마무리를 지어야지      항상 뭔가 조금 끌적대다가 기다 아니다 결론도 없이 그냥 사라짐.      아님 기레기들이 담합해서 보도를 안해서 그런가요."
"(속보) 정의당 '조국 장관 탄핵? 동의할 수 없다.'",4576,"https://www.clien.net/service/board/park/14074206?od=T31&po=4&category=&groupCd","김성태 딸 채용건   장제원 아들 음주운전건   나경원 아들 국적      등 이슈가 발생하면      그 좋아하는 “절차”에 따라서 수사하고 마무리를 지어야지      항상 뭔가 조금 끌적대다가 기다 아니다 결론도 없이 그냥 사라짐.      아님 기레기들이 담합해서 보도를 안해서 그런가요."
"JTB뉴스 점점",2197,"https://www.clien.net/service/board/park/14074204?od=T31&po=4&category=&groupCd","김성태 딸 채용건   장제원 아들 음주운전건   나경원 아들 국적      등 이슈가 발생하면      그 좋아하는 “절차”에 따라서 수사하고 마무리를 지어야지      항상 뭔가 조금 끌적대다가 기다 아니다 결론도 없이 그냥 사라짐.      아님 기레기들이 담합해서 보도를 안해서 그런가요."
"마리오카트 앱이 나왔군요",1506,"https://www.clien.net/service/board/park/14074201?od=T31&po=4&category=&groupCd","김성태 딸 채용건   장제원 아들 음주운전건   나경원 아들 국적      등 이슈가 발생하면      그 좋아하는 “절차”에 따라서 수사하고 마무리를 지어야지      항상 뭔가 조금 끌적대다가 기다 아니다 결론도 없이 그냥 사라짐.      아님 기레기들이 담합해서 보도를 안해서 그런가요."
"용아맥 2D 관람은 진짜 쩌는 듯 해요...",515,"https://www.clien.net/service/board/park/14074200?od=T31&po=4&category=&groupCd","김성태 딸 채용건   장제원 아들 음주운전건   나경원 아들 국적      등 이슈가 발생하면      그 좋아하는 “절차”에 따라서 수사하고 마무리를 지어야지      항상 뭔가 조금 끌적대다가 기다 아니다 결론도 없이 그냥 사라짐.      아님 기레기들이 담합해서 보도를 안해서 그런가요."
"검찰자한당내통",143,"https://www.clien.net/service/board/park/14074199?od=T31&po=4&category=&groupCd","김성태 딸 채용건   장제원 아들 음주운전건   나경원 아들 국적      등 이슈가 발생하면      그 좋아하는 “절차”에 따라서 수사하고 마무리를 지어야지      항상 뭔가 조금 끌적대다가 기다 아니다 결론도 없이 그냥 사라짐.      아님 기레기들이 담합해서 보도를 안해서 그런가요."
"이거 내통 수준이 아닙니다. 야당의 수사 지휘 입니다.",2302,"https://www.clien.net/service/board/park/14074197?od=T31&po=4&category=&groupCd","김성태 딸 채용건   장제원 아들 음주운전건   나경원 아들 국적      등 이슈가 발생하면      그 좋아하는 “절차”에 따라서 수사하고 마무리를 지어야지      항상 뭔가 조금 끌적대다가 기다 아니다 결론도 없이 그냥 사라짐.      아님 기레기들이 담합해서 보도를 안해서 그런가요."
"검찰자한당내통",148,"https://www.clien.net/service/board/park/14074196?od=T31&po=4&category=&groupCd","김성태 딸 채용건   장제원 아들 음주운전건   나경원 아들 국적      등 이슈가 발생하면      그 좋아하는 “절차”에 따라서 수사하고 마무리를 지어야지      항상 뭔가 조금 끌적대다가 기다 아니다 결론도 없이 그냥 사라짐.      아님 기레기들이 담합해서 보도를 안해서 그런가요."
"바둑 애호가로써....",612,"https://www.clien.net/service/board/park/14074195?od=T31&po=4&category=&groupCd","김성태 딸 채용건   장제원 아들 음주운전건   나경원 아들 국적      등 이슈가 발생하면      그 좋아하는 “절차”에 따라서 수사하고 마무리를 지어야지      항상 뭔가 조금 끌적대다가 기다 아니다 결론도 없이 그냥 사라짐.      아님 기레기들이 담합해서 보도를 안해서 그런가요."
"[재즈] Chet Baker &amp; Paul Bley - Diane (Full Album)",86,"https://www.clien.net/service/board/park/14074194?od=T31&po=4&category=&groupCd","김성태 딸 채용건   장제원 아들 음주운전건   나경원 아들 국적      등 이슈가 발생하면      그 좋아하는 “절차”에 따라서 수사하고 마무리를 지어야지      항상 뭔가 조금 끌적대다가 기다 아니다 결론도 없이 그냥 사라짐.      아님 기레기들이 담합해서 보도를 안해서 그런가요."
"민주당 더 강하게 나가야 합니다.",839,"https://www.clien.net/service/board/park/14074193?od=T31&po=4&category=&groupCd","김성태 딸 채용건   장제원 아들 음주운전건   나경원 아들 국적      등 이슈가 발생하면      그 좋아하는 “절차”에 따라서 수사하고 마무리를 지어야지      항상 뭔가 조금 끌적대다가 기다 아니다 결론도 없이 그냥 사라짐.      아님 기레기들이 담합해서 보도를 안해서 그런가요."
"조국장관이 깊은 원한을 품게 하는게 검찰의 목적일 수도 있겠습니다",1434,"https://www.clien.net/service/board/park/14074191?od=T31&po=4&category=&groupCd","김성태 딸 채용건   장제원 아들 음주운전건   나경원 아들 국적      등 이슈가 발생하면      그 좋아하는 “절차”에 따라서 수사하고 마무리를 지어야지      항상 뭔가 조금 끌적대다가 기다 아니다 결론도 없이 그냥 사라짐.      아님 기레기들이 담합해서 보도를 안해서 그런가요."
"(속보) 이해찬 ''주광덕, 檢이 피의사실 정도가 아니라 내통하고 있단 것 입증'",5822,"https://www.clien.net/service/board/park/14074188?od=T31&po=4&category=&groupCd","김성태 딸 채용건   장제원 아들 음주운전건   나경원 아들 국적      등 이슈가 발생하면      그 좋아하는 “절차”에 따라서 수사하고 마무리를 지어야지      항상 뭔가 조금 끌적대다가 기다 아니다 결론도 없이 그냥 사라짐.      아님 기레기들이 담합해서 보도를 안해서 그런가요."
"왠지 지금 쓰고 있는 애플워치는 팔고...",879,"https://www.clien.net/service/board/park/14074187?od=T31&po=4&category=&groupCd","김성태 딸 채용건   장제원 아들 음주운전건   나경원 아들 국적      등 이슈가 발생하면      그 좋아하는 “절차”에 따라서 수사하고 마무리를 지어야지      항상 뭔가 조금 끌적대다가 기다 아니다 결론도 없이 그냥 사라짐.      아님 기레기들이 담합해서 보도를 안해서 그런가요."
"검찰개혁-윤석열 링겔 왜 맞는지 알겟어요",2056,"https://www.clien.net/service/board/park/14074184?od=T31&po=4&category=&groupCd","김성태 딸 채용건   장제원 아들 음주운전건   나경원 아들 국적      등 이슈가 발생하면      그 좋아하는 “절차”에 따라서 수사하고 마무리를 지어야지      항상 뭔가 조금 끌적대다가 기다 아니다 결론도 없이 그냥 사라짐.      아님 기레기들이 담합해서 보도를 안해서 그런가요."
"染病 요샌 뉴스도 못보겠고",248,"https://www.clien.net/service/board/park/14074183?od=T31&po=4&category=&groupCd","김성태 딸 채용건   장제원 아들 음주운전건   나경원 아들 국적      등 이슈가 발생하면      그 좋아하는 “절차”에 따라서 수사하고 마무리를 지어야지      항상 뭔가 조금 끌적대다가 기다 아니다 결론도 없이 그냥 사라짐.      아님 기레기들이 담합해서 보도를 안해서 그런가요."
"검찰총장이 검찰 일을 몰랐다 라고 시전하다니..",2216,"https://www.clien.net/service/board/park/14074182?od=T31&po=4&category=&groupCd","김성태 딸 채용건   장제원 아들 음주운전건   나경원 아들 국적      등 이슈가 발생하면      그 좋아하는 “절차”에 따라서 수사하고 마무리를 지어야지      항상 뭔가 조금 끌적대다가 기다 아니다 결론도 없이 그냥 사라짐.      아님 기레기들이 담합해서 보도를 안해서 그런가요."
"검찰자한당내통",138,"https://www.clien.net/service/board/park/14074179?od=T31&po=4&category=&groupCd","김성태 딸 채용건   장제원 아들 음주운전건   나경원 아들 국적      등 이슈가 발생하면      그 좋아하는 “절차”에 따라서 수사하고 마무리를 지어야지      항상 뭔가 조금 끌적대다가 기다 아니다 결론도 없이 그냥 사라짐.      아님 기레기들이 담합해서 보도를 안해서 그런가요."
"검찰자한당내통",96,"https://www.clien.net/service/board/park/14074178?od=T31&po=4&category=&groupCd","김성태 딸 채용건   장제원 아들 음주운전건   나경원 아들 국적      등 이슈가 발생하면      그 좋아하는 “절차”에 따라서 수사하고 마무리를 지어야지      항상 뭔가 조금 끌적대다가 기다 아니다 결론도 없이 그냥 사라짐.      아님 기레기들이 담합해서 보도를 안해서 그런가요."
"이번거 검찰 오판같습니다",1815,"https://www.clien.net/service/board/park/14074177?od=T31&po=4&category=&groupCd","김성태 딸 채용건   장제원 아들 음주운전건   나경원 아들 국적      등 이슈가 발생하면      그 좋아하는 “절차”에 따라서 수사하고 마무리를 지어야지      항상 뭔가 조금 끌적대다가 기다 아니다 결론도 없이 그냥 사라짐.      아님 기레기들이 담합해서 보도를 안해서 그런가요."
"(속보) 이인영 '조국 탄핵? 요건 해당도 안 돼'",3821,"https://www.clien.net/service/board/park/14074175?od=T31&po=4&category=&groupCd","김성태 딸 채용건   장제원 아들 음주운전건   나경원 아들 국적      등 이슈가 발생하면      그 좋아하는 “절차”에 따라서 수사하고 마무리를 지어야지      항상 뭔가 조금 끌적대다가 기다 아니다 결론도 없이 그냥 사라짐.      아님 기레기들이 담합해서 보도를 안해서 그런가요."
"윤씨가 총장이 안됬으면 어쩔뻔 밨습니까 ㄷ ㄷ ㄷ",2501,"https://www.clien.net/service/board/park/14074174?od=T31&po=4&category=&groupCd","김성태 딸 채용건   장제원 아들 음주운전건   나경원 아들 국적      등 이슈가 발생하면      그 좋아하는 “절차”에 따라서 수사하고 마무리를 지어야지      항상 뭔가 조금 끌적대다가 기다 아니다 결론도 없이 그냥 사라짐.      아님 기레기들이 담합해서 보도를 안해서 그런가요."
"우리도 국회의원으로 부르기는 쫌...",335,"https://www.clien.net/service/board/park/14074173?od=T31&po=5&category=&groupCd","김성태 딸 채용건   장제원 아들 음주운전건   나경원 아들 국적      등 이슈가 발생하면      그 좋아하는 “절차”에 따라서 수사하고 마무리를 지어야지      항상 뭔가 조금 끌적대다가 기다 아니다 결론도 없이 그냥 사라짐.      아님 기레기들이 담합해서 보도를 안해서 그런가요."
"검찰자한당내통",107,"https://www.clien.net/service/board/park/14074172?od=T31&po=5&category=&groupCd","김성태 딸 채용건   장제원 아들 음주운전건   나경원 아들 국적      등 이슈가 발생하면      그 좋아하는 “절차”에 따라서 수사하고 마무리를 지어야지      항상 뭔가 조금 끌적대다가 기다 아니다 결론도 없이 그냥 사라짐.      아님 기레기들이 담합해서 보도를 안해서 그런가요."
"검찰자한당내통",81,"https://www.clien.net/service/board/park/14074171?od=T31&po=5&category=&groupCd","김성태 딸 채용건   장제원 아들 음주운전건   나경원 아들 국적      등 이슈가 발생하면      그 좋아하는 “절차”에 따라서 수사하고 마무리를 지어야지      항상 뭔가 조금 끌적대다가 기다 아니다 결론도 없이 그냥 사라짐.      아님 기레기들이 담합해서 보도를 안해서 그런가요."
"(속보) 이인영 '주광덕, '정치검사와 야당 야합 체계 가동' 합리적 의심'",3979,"https://www.clien.net/service/board/park/14074169?od=T31&po=5&category=&groupCd","김성태 딸 채용건   장제원 아들 음주운전건   나경원 아들 국적      등 이슈가 발생하면      그 좋아하는 “절차”에 따라서 수사하고 마무리를 지어야지      항상 뭔가 조금 끌적대다가 기다 아니다 결론도 없이 그냥 사라짐.      아님 기레기들이 담합해서 보도를 안해서 그런가요."
"장관자택 압수수색 지휘자가 광덕이에요??",1346,"https://www.clien.net/service/board/park/14074168?od=T31&po=5&category=&groupCd","김성태 딸 채용건   장제원 아들 음주운전건   나경원 아들 국적      등 이슈가 발생하면      그 좋아하는 “절차”에 따라서 수사하고 마무리를 지어야지      항상 뭔가 조금 끌적대다가 기다 아니다 결론도 없이 그냥 사라짐.      아님 기레기들이 담합해서 보도를 안해서 그런가요."
"검찰자한당내통",197,"https://www.clien.net/service/board/park/14074167?od=T31&po=5&category=&groupCd","김성태 딸 채용건   장제원 아들 음주운전건   나경원 아들 국적      등 이슈가 발생하면      그 좋아하는 “절차”에 따라서 수사하고 마무리를 지어야지      항상 뭔가 조금 끌적대다가 기다 아니다 결론도 없이 그냥 사라짐.      아님 기레기들이 담합해서 보도를 안해서 그런가요."
"jtbc 땡조뉴스 저질스럽네요.",2537,"https://www.clien.net/service/board/park/14074166?od=T31&po=5&category=&groupCd","김성태 딸 채용건   장제원 아들 음주운전건   나경원 아들 국적      등 이슈가 발생하면      그 좋아하는 “절차”에 따라서 수사하고 마무리를 지어야지      항상 뭔가 조금 끌적대다가 기다 아니다 결론도 없이 그냥 사라짐.      아님 기레기들이 담합해서 보도를 안해서 그런가요."
"애플워치 셀룰러 재개통후 첫개시해봤읍니다.jpg",1188,"https://www.clien.net/service/board/park/14074165?od=T31&po=5&category=&groupCd","김성태 딸 채용건   장제원 아들 음주운전건   나경원 아들 국적      등 이슈가 발생하면      그 좋아하는 “절차”에 따라서 수사하고 마무리를 지어야지      항상 뭔가 조금 끌적대다가 기다 아니다 결론도 없이 그냥 사라짐.      아님 기레기들이 담합해서 보도를 안해서 그런가요."
"흔한 미국의 철도 유실물.webm",1859,"https://www.clien.net/service/board/park/14074164?od=T31&po=5&category=&groupCd","김성태 딸 채용건   장제원 아들 음주운전건   나경원 아들 국적      등 이슈가 발생하면      그 좋아하는 “절차”에 따라서 수사하고 마무리를 지어야지      항상 뭔가 조금 끌적대다가 기다 아니다 결론도 없이 그냥 사라짐.      아님 기레기들이 담합해서 보도를 안해서 그런가요."
"[보배펌] 일본 불매운동을 냉정하게 하자는 한국인 기업가",2109,"https://www.clien.net/service/board/park/14074162?od=T31&po=5&category=&groupCd","김성태 딸 채용건   장제원 아들 음주운전건   나경원 아들 국적      등 이슈가 발생하면      그 좋아하는 “절차”에 따라서 수사하고 마무리를 지어야지      항상 뭔가 조금 끌적대다가 기다 아니다 결론도 없이 그냥 사라짐.      아님 기레기들이 담합해서 보도를 안해서 그런가요."
"운영자 삽질로 보배드림 무너졌군요",3136,"https://www.clien.net/service/board/park/14074161?od=T31&po=5&category=&groupCd","김성태 딸 채용건   장제원 아들 음주운전건   나경원 아들 국적      등 이슈가 발생하면      그 좋아하는 “절차”에 따라서 수사하고 마무리를 지어야지      항상 뭔가 조금 끌적대다가 기다 아니다 결론도 없이 그냥 사라짐.      아님 기레기들이 담합해서 보도를 안해서 그런가요."
"82년생 김지영 예고편",1520,"https://www.clien.net/service/board/park/14074158?od=T31&po=5&category=&groupCd","김성태 딸 채용건   장제원 아들 음주운전건   나경원 아들 국적      등 이슈가 발생하면      그 좋아하는 “절차”에 따라서 수사하고 마무리를 지어야지      항상 뭔가 조금 끌적대다가 기다 아니다 결론도 없이 그냥 사라짐.      아님 기레기들이 담합해서 보도를 안해서 그런가요."
"(속보) 민주당 全의원 '이주영 국회 부의장, 사퇴하라'",4477,"https://www.clien.net/service/board/park/14074156?od=T31&po=5&category=&groupCd","김성태 딸 채용건   장제원 아들 음주운전건   나경원 아들 국적      등 이슈가 발생하면      그 좋아하는 “절차”에 따라서 수사하고 마무리를 지어야지      항상 뭔가 조금 끌적대다가 기다 아니다 결론도 없이 그냥 사라짐.      아님 기레기들이 담합해서 보도를 안해서 그런가요."
"방금 뉴스룸",1910,"https://www.clien.net/service/board/park/14074155?od=T31&po=5&category=&groupCd","김성태 딸 채용건   장제원 아들 음주운전건   나경원 아들 국적      등 이슈가 발생하면      그 좋아하는 “절차”에 따라서 수사하고 마무리를 지어야지      항상 뭔가 조금 끌적대다가 기다 아니다 결론도 없이 그냥 사라짐.      아님 기레기들이 담합해서 보도를 안해서 그런가요."
"결국 대정부질문 보시고 어머니 화나심... 덜덜덜덜...",3178,"https://www.clien.net/service/board/park/14074154?od=T31&po=5&category=&groupCd","김성태 딸 채용건   장제원 아들 음주운전건   나경원 아들 국적      등 이슈가 발생하면      그 좋아하는 “절차”에 따라서 수사하고 마무리를 지어야지      항상 뭔가 조금 끌적대다가 기다 아니다 결론도 없이 그냥 사라짐.      아님 기레기들이 담합해서 보도를 안해서 그런가요."
"일본에 배상 요구 안 하는 대신, 사과 요구하자고?",686,"https://www.clien.net/service/board/park/14074152?od=T31&po=5&category=&groupCd","김성태 딸 채용건   장제원 아들 음주운전건   나경원 아들 국적      등 이슈가 발생하면      그 좋아하는 “절차”에 따라서 수사하고 마무리를 지어야지      항상 뭔가 조금 끌적대다가 기다 아니다 결론도 없이 그냥 사라짐.      아님 기레기들이 담합해서 보도를 안해서 그런가요."
"아이패드에 마우스 써보고 있는데 뭔가 어색하네요",375,"https://www.clien.net/service/board/park/14074151?od=T31&po=5&category=&groupCd","김성태 딸 채용건   장제원 아들 음주운전건   나경원 아들 국적      등 이슈가 발생하면      그 좋아하는 “절차”에 따라서 수사하고 마무리를 지어야지      항상 뭔가 조금 끌적대다가 기다 아니다 결론도 없이 그냥 사라짐.      아님 기레기들이 담합해서 보도를 안해서 그런가요."
"아까 인터뷰 저만 섬칫했던게 아닌거 같은데..",1098,"https://www.clien.net/service/board/park/14074150?od=T31&po=5&category=&groupCd","김성태 딸 채용건   장제원 아들 음주운전건   나경원 아들 국적      등 이슈가 발생하면      그 좋아하는 “절차”에 따라서 수사하고 마무리를 지어야지      항상 뭔가 조금 끌적대다가 기다 아니다 결론도 없이 그냥 사라짐.      아님 기레기들이 담합해서 보도를 안해서 그런가요."
"이런.. 쿠팡에서 방풍양초 전부 품절이네요",1613,"https://www.clien.net/service/board/park/14074149?od=T31&po=5&category=&groupCd","김성태 딸 채용건   장제원 아들 음주운전건   나경원 아들 국적      등 이슈가 발생하면      그 좋아하는 “절차”에 따라서 수사하고 마무리를 지어야지      항상 뭔가 조금 끌적대다가 기다 아니다 결론도 없이 그냥 사라짐.      아님 기레기들이 담합해서 보도를 안해서 그런가요."
"지금 MBC 뉴스데스크에서 고유정 현남편 인터뷰 하는데....",2369,"https://www.clien.net/service/board/park/14074148?od=T31&po=5&category=&groupCd","김성태 딸 채용건   장제원 아들 음주운전건   나경원 아들 국적      등 이슈가 발생하면      그 좋아하는 “절차”에 따라서 수사하고 마무리를 지어야지      항상 뭔가 조금 끌적대다가 기다 아니다 결론도 없이 그냥 사라짐.      아님 기레기들이 담합해서 보도를 안해서 그런가요."
"검찰자한당내통 주광덕검찰총장과 윤짜왕",471,"https://www.clien.net/service/board/park/14074145?od=T31&po=5&category=&groupCd","김성태 딸 채용건   장제원 아들 음주운전건   나경원 아들 국적      등 이슈가 발생하면      그 좋아하는 “절차”에 따라서 수사하고 마무리를 지어야지      항상 뭔가 조금 끌적대다가 기다 아니다 결론도 없이 그냥 사라짐.      아님 기레기들이 담합해서 보도를 안해서 그런가요."
"40대 직장인의 한 잔..",2721,"https://www.clien.net/service/board/park/14074143?od=T31&po=5&category=&groupCd","김성태 딸 채용건   장제원 아들 음주운전건   나경원 아들 국적      등 이슈가 발생하면      그 좋아하는 “절차”에 따라서 수사하고 마무리를 지어야지      항상 뭔가 조금 끌적대다가 기다 아니다 결론도 없이 그냥 사라짐.      아님 기레기들이 담합해서 보도를 안해서 그런가요."
"x또비씨는 오늘 무슨 x소리를 하나 궁금해서 보고 있습니다.",1326,"https://www.clien.net/service/board/park/14074142?od=T31&po=5&category=&groupCd","김성태 딸 채용건   장제원 아들 음주운전건   나경원 아들 국적      등 이슈가 발생하면      그 좋아하는 “절차”에 따라서 수사하고 마무리를 지어야지      항상 뭔가 조금 끌적대다가 기다 아니다 결론도 없이 그냥 사라짐.      아님 기레기들이 담합해서 보도를 안해서 그런가요."
"검찰자한당내통-네일베9위 진입",382,"https://www.clien.net/service/board/park/14074141?od=T31&po=5&category=&groupCd","김성태 딸 채용건   장제원 아들 음주운전건   나경원 아들 국적      등 이슈가 발생하면      그 좋아하는 “절차”에 따라서 수사하고 마무리를 지어야지      항상 뭔가 조금 끌적대다가 기다 아니다 결론도 없이 그냥 사라짐.      아님 기레기들이 담합해서 보도를 안해서 그런가요."
"‘이달의 기자상’, 동아일보·한국일보의 조국 법무부장관 검증 보도 선정",1666,"https://www.clien.net/service/board/park/14074140?od=T31&po=5&category=&groupCd","김성태 딸 채용건   장제원 아들 음주운전건   나경원 아들 국적      등 이슈가 발생하면      그 좋아하는 “절차”에 따라서 수사하고 마무리를 지어야지      항상 뭔가 조금 끌적대다가 기다 아니다 결론도 없이 그냥 사라짐.      아님 기레기들이 담합해서 보도를 안해서 그런가요."
"나무위키 업데이트 되었네요 오오",1523,"https://www.clien.net/service/board/park/14074139?od=T31&po=5&category=&groupCd","김성태 딸 채용건   장제원 아들 음주운전건   나경원 아들 국적      등 이슈가 발생하면      그 좋아하는 “절차”에 따라서 수사하고 마무리를 지어야지      항상 뭔가 조금 끌적대다가 기다 아니다 결론도 없이 그냥 사라짐.      아님 기레기들이 담합해서 보도를 안해서 그런가요."
"고유정 현남편 인터뷰",1997,"https://www.clien.net/service/board/park/14074137?od=T31&po=5&category=&groupCd","김성태 딸 채용건   장제원 아들 음주운전건   나경원 아들 국적      등 이슈가 발생하면      그 좋아하는 “절차”에 따라서 수사하고 마무리를 지어야지      항상 뭔가 조금 끌적대다가 기다 아니다 결론도 없이 그냥 사라짐.      아님 기레기들이 담합해서 보도를 안해서 그런가요."
"검찰 실세는 주광덕인가 봅니다.",1073,"https://www.clien.net/service/board/park/14074136?od=T31&po=5&category=&groupCd","김성태 딸 채용건   장제원 아들 음주운전건   나경원 아들 국적      등 이슈가 발생하면      그 좋아하는 “절차”에 따라서 수사하고 마무리를 지어야지      항상 뭔가 조금 끌적대다가 기다 아니다 결론도 없이 그냥 사라짐.      아님 기레기들이 담합해서 보도를 안해서 그런가요."
"jtbc에서 했을법한 인터뷰를 mbc에서 하고 있네요.jpg",3004,"https://www.clien.net/service/board/park/14074135?od=T31&po=5&category=&groupCd","김성태 딸 채용건   장제원 아들 음주운전건   나경원 아들 국적      등 이슈가 발생하면      그 좋아하는 “절차”에 따라서 수사하고 마무리를 지어야지      항상 뭔가 조금 끌적대다가 기다 아니다 결론도 없이 그냥 사라짐.      아님 기레기들이 담합해서 보도를 안해서 그런가요."
"에어요르단1 로우 왔네요",693,"https://www.clien.net/service/board/park/14074132?od=T31&po=5&category=&groupCd","김성태 딸 채용건   장제원 아들 음주운전건   나경원 아들 국적      등 이슈가 발생하면      그 좋아하는 “절차”에 따라서 수사하고 마무리를 지어야지      항상 뭔가 조금 끌적대다가 기다 아니다 결론도 없이 그냥 사라짐.      아님 기레기들이 담합해서 보도를 안해서 그런가요."
"고양이 놀려먹기",1412,"https://www.clien.net/service/board/park/14074131?od=T31&po=6&category=&groupCd","김성태 딸 채용건   장제원 아들 음주운전건   나경원 아들 국적      등 이슈가 발생하면      그 좋아하는 “절차”에 따라서 수사하고 마무리를 지어야지      항상 뭔가 조금 끌적대다가 기다 아니다 결론도 없이 그냥 사라짐.      아님 기레기들이 담합해서 보도를 안해서 그런가요."
"윤석열 쳐내는게 방법이 없는건 아닌데, 시점 잡는게 애매 하겠네요.",1417,"https://www.clien.net/service/board/park/14074130?od=T31&po=6&category=&groupCd","김성태 딸 채용건   장제원 아들 음주운전건   나경원 아들 국적      등 이슈가 발생하면      그 좋아하는 “절차”에 따라서 수사하고 마무리를 지어야지      항상 뭔가 조금 끌적대다가 기다 아니다 결론도 없이 그냥 사라짐.      아님 기레기들이 담합해서 보도를 안해서 그런가요."
"검찰자한당내통 - 함께 가진 못하지만...",619,"https://www.clien.net/service/board/park/14074129?od=T31&po=6&category=&groupCd","김성태 딸 채용건   장제원 아들 음주운전건   나경원 아들 국적      등 이슈가 발생하면      그 좋아하는 “절차”에 따라서 수사하고 마무리를 지어야지      항상 뭔가 조금 끌적대다가 기다 아니다 결론도 없이 그냥 사라짐.      아님 기레기들이 담합해서 보도를 안해서 그런가요."
"여기 키즈카페 소주파네요",1920,"https://www.clien.net/service/board/park/14074126?od=T31&po=6&category=&groupCd","김성태 딸 채용건   장제원 아들 음주운전건   나경원 아들 국적      등 이슈가 발생하면      그 좋아하는 “절차”에 따라서 수사하고 마무리를 지어야지      항상 뭔가 조금 끌적대다가 기다 아니다 결론도 없이 그냥 사라짐.      아님 기레기들이 담합해서 보도를 안해서 그런가요."
"검찰자한당내통 - 촛불집회를 한번 정도는 조국장관 자택근처에서 하는 것이 어떨지.",1097,"https://www.clien.net/service/board/park/14074125?od=T31&po=6&category=&groupCd","김성태 딸 채용건   장제원 아들 음주운전건   나경원 아들 국적      등 이슈가 발생하면      그 좋아하는 “절차”에 따라서 수사하고 마무리를 지어야지      항상 뭔가 조금 끌적대다가 기다 아니다 결론도 없이 그냥 사라짐.      아님 기레기들이 담합해서 보도를 안해서 그런가요."
"매우 자주 먹던 약이",1375,"https://www.clien.net/service/board/park/14074124?od=T31&po=6&category=&groupCd","김성태 딸 채용건   장제원 아들 음주운전건   나경원 아들 국적      등 이슈가 발생하면      그 좋아하는 “절차”에 따라서 수사하고 마무리를 지어야지      항상 뭔가 조금 끌적대다가 기다 아니다 결론도 없이 그냥 사라짐.      아님 기레기들이 담합해서 보도를 안해서 그런가요."
"달걀 프라이.gifv",760,"https://www.clien.net/service/board/park/14074122?od=T31&po=6&category=&groupCd","김성태 딸 채용건   장제원 아들 음주운전건   나경원 아들 국적      등 이슈가 발생하면      그 좋아하는 “절차”에 따라서 수사하고 마무리를 지어야지      항상 뭔가 조금 끌적대다가 기다 아니다 결론도 없이 그냥 사라짐.      아님 기레기들이 담합해서 보도를 안해서 그런가요."
"MBC 특종이네요.",4616,"https://www.clien.net/service/board/park/14074121?od=T31&po=6&category=&groupCd","김성태 딸 채용건   장제원 아들 음주운전건   나경원 아들 국적      등 이슈가 발생하면      그 좋아하는 “절차”에 따라서 수사하고 마무리를 지어야지      항상 뭔가 조금 끌적대다가 기다 아니다 결론도 없이 그냥 사라짐.      아님 기레기들이 담합해서 보도를 안해서 그런가요."
"오늘도 야누스룸은 '땡조뉴스'네요",1139,"https://www.clien.net/service/board/park/14074119?od=T31&po=6&category=&groupCd","김성태 딸 채용건   장제원 아들 음주운전건   나경원 아들 국적      등 이슈가 발생하면      그 좋아하는 “절차”에 따라서 수사하고 마무리를 지어야지      항상 뭔가 조금 끌적대다가 기다 아니다 결론도 없이 그냥 사라짐.      아님 기레기들이 담합해서 보도를 안해서 그런가요."
"조국 장관 답변 듣는 나경원 원내대표",3836,"https://www.clien.net/service/board/park/14074118?od=T31&po=6&category=&groupCd","김성태 딸 채용건   장제원 아들 음주운전건   나경원 아들 국적      등 이슈가 발생하면      그 좋아하는 “절차”에 따라서 수사하고 마무리를 지어야지      항상 뭔가 조금 끌적대다가 기다 아니다 결론도 없이 그냥 사라짐.      아님 기레기들이 담합해서 보도를 안해서 그런가요."
"진짜 검찰,야당 치졸하네요",1159,"https://www.clien.net/service/board/park/14074115?od=T31&po=6&category=&groupCd","김성태 딸 채용건   장제원 아들 음주운전건   나경원 아들 국적      등 이슈가 발생하면      그 좋아하는 “절차”에 따라서 수사하고 마무리를 지어야지      항상 뭔가 조금 끌적대다가 기다 아니다 결론도 없이 그냥 사라짐.      아님 기레기들이 담합해서 보도를 안해서 그런가요."
"1인피자세트",1709,"https://www.clien.net/service/board/park/14074114?od=T31&po=6&category=&groupCd","김성태 딸 채용건   장제원 아들 음주운전건   나경원 아들 국적      등 이슈가 발생하면      그 좋아하는 “절차”에 따라서 수사하고 마무리를 지어야지      항상 뭔가 조금 끌적대다가 기다 아니다 결론도 없이 그냥 사라짐.      아님 기레기들이 담합해서 보도를 안해서 그런가요."
"표독스러운 그 인간",1655,"https://www.clien.net/service/board/park/14074112?od=T31&po=6&category=&groupCd","김성태 딸 채용건   장제원 아들 음주운전건   나경원 아들 국적      등 이슈가 발생하면      그 좋아하는 “절차”에 따라서 수사하고 마무리를 지어야지      항상 뭔가 조금 끌적대다가 기다 아니다 결론도 없이 그냥 사라짐.      아님 기레기들이 담합해서 보도를 안해서 그런가요."
"그러니까 검찰 지휘본부가 자한당이란 이야기네요??",1009,"https://www.clien.net/service/board/park/14074111?od=T31&po=6&category=&groupCd","김성태 딸 채용건   장제원 아들 음주운전건   나경원 아들 국적      등 이슈가 발생하면      그 좋아하는 “절차”에 따라서 수사하고 마무리를 지어야지      항상 뭔가 조금 끌적대다가 기다 아니다 결론도 없이 그냥 사라짐.      아님 기레기들이 담합해서 보도를 안해서 그런가요."
"검찰자한당내통 조국후보자는 참 뻔뻔합니다 (반어)",1226,"https://www.clien.net/service/board/park/14074110?od=T31&po=6&category=&groupCd","김성태 딸 채용건   장제원 아들 음주운전건   나경원 아들 국적      등 이슈가 발생하면      그 좋아하는 “절차”에 따라서 수사하고 마무리를 지어야지      항상 뭔가 조금 끌적대다가 기다 아니다 결론도 없이 그냥 사라짐.      아님 기레기들이 담합해서 보도를 안해서 그런가요."
"갤럭시폴드 잘나가네요.",1455,"https://www.clien.net/service/board/park/14074109?od=T31&po=6&category=&groupCd","김성태 딸 채용건   장제원 아들 음주운전건   나경원 아들 국적      등 이슈가 발생하면      그 좋아하는 “절차”에 따라서 수사하고 마무리를 지어야지      항상 뭔가 조금 끌적대다가 기다 아니다 결론도 없이 그냥 사라짐.      아님 기레기들이 담합해서 보도를 안해서 그런가요."
"검찰자한당내통 검찰의 무리한 압색은",424,"https://www.clien.net/service/board/park/14074108?od=T31&po=6&category=&groupCd","김성태 딸 채용건   장제원 아들 음주운전건   나경원 아들 국적      등 이슈가 발생하면      그 좋아하는 “절차”에 따라서 수사하고 마무리를 지어야지      항상 뭔가 조금 끌적대다가 기다 아니다 결론도 없이 그냥 사라짐.      아님 기레기들이 담합해서 보도를 안해서 그런가요."
"nvme 2242가... 엄청 마이너한 제품인가보네요.",788,"https://www.clien.net/service/board/park/14074107?od=T31&po=6&category=&groupCd","김성태 딸 채용건   장제원 아들 음주운전건   나경원 아들 국적      등 이슈가 발생하면      그 좋아하는 “절차”에 따라서 수사하고 마무리를 지어야지      항상 뭔가 조금 끌적대다가 기다 아니다 결론도 없이 그냥 사라짐.      아님 기레기들이 담합해서 보도를 안해서 그런가요."
"검찰자한당내통 - 민주당, 긴급 의총..'주광덕, 수사정보 불법 유출'",3217,"https://www.clien.net/service/board/park/14074106?od=T31&po=6&category=&groupCd","김성태 딸 채용건   장제원 아들 음주운전건   나경원 아들 국적      등 이슈가 발생하면      그 좋아하는 “절차”에 따라서 수사하고 마무리를 지어야지      항상 뭔가 조금 끌적대다가 기다 아니다 결론도 없이 그냥 사라짐.      아님 기레기들이 담합해서 보도를 안해서 그런가요."
"검찰개혁은,",119,"https://www.clien.net/service/board/park/14074104?od=T31&po=6&category=&groupCd","김성태 딸 채용건   장제원 아들 음주운전건   나경원 아들 국적      등 이슈가 발생하면      그 좋아하는 “절차”에 따라서 수사하고 마무리를 지어야지      항상 뭔가 조금 끌적대다가 기다 아니다 결론도 없이 그냥 사라짐.      아님 기레기들이 담합해서 보도를 안해서 그런가요."
"토요일촛불집회참여 촛불 집회 관련 검색어로",370,"https://www.clien.net/service/board/park/14074103?od=T31&po=6&category=&groupCd","김성태 딸 채용건   장제원 아들 음주운전건   나경원 아들 국적      등 이슈가 발생하면      그 좋아하는 “절차”에 따라서 수사하고 마무리를 지어야지      항상 뭔가 조금 끌적대다가 기다 아니다 결론도 없이 그냥 사라짐.      아님 기레기들이 담합해서 보도를 안해서 그런가요."
"밖이라 폰으로 잠깐 봤는데 조도비시 뉴스룸 탑이 뭔줄압니까?",1082,"https://www.clien.net/service/board/park/14074102?od=T31&po=6&category=&groupCd","김성태 딸 채용건   장제원 아들 음주운전건   나경원 아들 국적      등 이슈가 발생하면      그 좋아하는 “절차”에 따라서 수사하고 마무리를 지어야지      항상 뭔가 조금 끌적대다가 기다 아니다 결론도 없이 그냥 사라짐.      아님 기레기들이 담합해서 보도를 안해서 그런가요."
"이번 주 집회 참석합니다",339,"https://www.clien.net/service/board/park/14074101?od=T31&po=6&category=&groupCd","김성태 딸 채용건   장제원 아들 음주운전건   나경원 아들 국적      등 이슈가 발생하면      그 좋아하는 “절차”에 따라서 수사하고 마무리를 지어야지      항상 뭔가 조금 끌적대다가 기다 아니다 결론도 없이 그냥 사라짐.      아님 기레기들이 담합해서 보도를 안해서 그런가요."
"국밥충의 최후 : 땅벌한마리가 국그릇에 들어갔다 나오더니 죽었습니다.",1262,"https://www.clien.net/service/board/park/14074100?od=T31&po=6&category=&groupCd","김성태 딸 채용건   장제원 아들 음주운전건   나경원 아들 국적      등 이슈가 발생하면      그 좋아하는 “절차”에 따라서 수사하고 마무리를 지어야지      항상 뭔가 조금 끌적대다가 기다 아니다 결론도 없이 그냥 사라짐.      아님 기레기들이 담합해서 보도를 안해서 그런가요."
"mbc 뉴스 보다가 눈물이 왈칵ㅠㅠ",3784,"https://www.clien.net/service/board/park/14074099?od=T31&po=6&category=&groupCd","김성태 딸 채용건   장제원 아들 음주운전건   나경원 아들 국적      등 이슈가 발생하면      그 좋아하는 “절차”에 따라서 수사하고 마무리를 지어야지      항상 뭔가 조금 끌적대다가 기다 아니다 결론도 없이 그냥 사라짐.      아님 기레기들이 담합해서 보도를 안해서 그런가요."
"윤석열은... 떡검들이 기레기들한테 소스 흘리는걸",2195,"https://www.clien.net/service/board/park/14074098?od=T31&po=6&category=&groupCd","김성태 딸 채용건   장제원 아들 음주운전건   나경원 아들 국적      등 이슈가 발생하면      그 좋아하는 “절차”에 따라서 수사하고 마무리를 지어야지      항상 뭔가 조금 끌적대다가 기다 아니다 결론도 없이 그냥 사라짐.      아님 기레기들이 담합해서 보도를 안해서 그런가요."
"검찰자한당내통 - 응원합니다.",352,"https://www.clien.net/service/board/park/14074097?od=T31&po=6&category=&groupCd","김성태 딸 채용건   장제원 아들 음주운전건   나경원 아들 국적      등 이슈가 발생하면      그 좋아하는 “절차”에 따라서 수사하고 마무리를 지어야지      항상 뭔가 조금 끌적대다가 기다 아니다 결론도 없이 그냥 사라짐.      아님 기레기들이 담합해서 보도를 안해서 그런가요."
"일사분란하게 자한당&amp;검찰&amp;언론이 움직이는거보면",632,"https://www.clien.net/service/board/park/14074096?od=T31&po=6&category=&groupCd","김성태 딸 채용건   장제원 아들 음주운전건   나경원 아들 국적      등 이슈가 발생하면      그 좋아하는 “절차”에 따라서 수사하고 마무리를 지어야지      항상 뭔가 조금 끌적대다가 기다 아니다 결론도 없이 그냥 사라짐.      아님 기레기들이 담합해서 보도를 안해서 그런가요."
"밀러라이트 900ml..",891,"https://www.clien.net/service/board/park/14074094?od=T31&po=6&category=&groupCd","김성태 딸 채용건   장제원 아들 음주운전건   나경원 아들 국적      등 이슈가 발생하면      그 좋아하는 “절차”에 따라서 수사하고 마무리를 지어야지      항상 뭔가 조금 끌적대다가 기다 아니다 결론도 없이 그냥 사라짐.      아님 기레기들이 담합해서 보도를 안해서 그런가요."
"아마존 망했어요 아아",1127,"https://www.clien.net/service/board/park/14074093?od=T31&po=6&category=&groupCd","김성태 딸 채용건   장제원 아들 음주운전건   나경원 아들 국적      등 이슈가 발생하면      그 좋아하는 “절차”에 따라서 수사하고 마무리를 지어야지      항상 뭔가 조금 끌적대다가 기다 아니다 결론도 없이 그냥 사라짐.      아님 기레기들이 담합해서 보도를 안해서 그런가요."
"검찰은 인권을 짓밟는 조직 이군요.",1099,"https://www.clien.net/service/board/park/14074091?od=T31&po=7&category=&groupCd","김성태 딸 채용건   장제원 아들 음주운전건   나경원 아들 국적      등 이슈가 발생하면      그 좋아하는 “절차”에 따라서 수사하고 마무리를 지어야지      항상 뭔가 조금 끌적대다가 기다 아니다 결론도 없이 그냥 사라짐.      아님 기레기들이 담합해서 보도를 안해서 그런가요."
"뉴라이트 류석춘이가 2013년 보훈처에 제출한 '민주화운동 유공자법'에대한 연구보고서",978,"https://www.clien.net/service/board/park/14074090?od=T31&po=7&category=&groupCd","김성태 딸 채용건   장제원 아들 음주운전건   나경원 아들 국적      등 이슈가 발생하면      그 좋아하는 “절차”에 따라서 수사하고 마무리를 지어야지      항상 뭔가 조금 끌적대다가 기다 아니다 결론도 없이 그냥 사라짐.      아님 기레기들이 담합해서 보도를 안해서 그런가요."
"어제 jtbc 뉴스룸 막장.png",5408,"https://www.clien.net/service/board/park/14074088?od=T31&po=7&category=&groupCd","김성태 딸 채용건   장제원 아들 음주운전건   나경원 아들 국적      등 이슈가 발생하면      그 좋아하는 “절차”에 따라서 수사하고 마무리를 지어야지      항상 뭔가 조금 끌적대다가 기다 아니다 결론도 없이 그냥 사라짐.      아님 기레기들이 담합해서 보도를 안해서 그런가요."
"검찰자한당내통 -보배는 무너진듯 합니다",2131,"https://www.clien.net/service/board/park/14074087?od=T31&po=7&category=&groupCd","김성태 딸 채용건   장제원 아들 음주운전건   나경원 아들 국적      등 이슈가 발생하면      그 좋아하는 “절차”에 따라서 수사하고 마무리를 지어야지      항상 뭔가 조금 끌적대다가 기다 아니다 결론도 없이 그냥 사라짐.      아님 기레기들이 담합해서 보도를 안해서 그런가요."
"조국장관에게 어떻게 하면 힘이될까요.",565,"https://www.clien.net/service/board/park/14074086?od=T31&po=7&category=&groupCd","김성태 딸 채용건   장제원 아들 음주운전건   나경원 아들 국적      등 이슈가 발생하면      그 좋아하는 “절차”에 따라서 수사하고 마무리를 지어야지      항상 뭔가 조금 끌적대다가 기다 아니다 결론도 없이 그냥 사라짐.      아님 기레기들이 담합해서 보도를 안해서 그런가요."
"다음 실검 키워드는 조국장관님 가족분 응원하는 키워드도 좋을것 같네요.",566,"https://www.clien.net/service/board/park/14074084?od=T31&po=7&category=&groupCd","김성태 딸 채용건   장제원 아들 음주운전건   나경원 아들 국적      등 이슈가 발생하면      그 좋아하는 “절차”에 따라서 수사하고 마무리를 지어야지      항상 뭔가 조금 끌적대다가 기다 아니다 결론도 없이 그냥 사라짐.      아님 기레기들이 담합해서 보도를 안해서 그런가요."
"日 대마도, 한국인 관광객 감소에 비명… 9500만엔 추가 예산 상정",2743,"https://www.clien.net/service/board/park/14074083?od=T31&po=7&category=&groupCd","김성태 딸 채용건   장제원 아들 음주운전건   나경원 아들 국적      등 이슈가 발생하면      그 좋아하는 “절차”에 따라서 수사하고 마무리를 지어야지      항상 뭔가 조금 끌적대다가 기다 아니다 결론도 없이 그냥 사라짐.      아님 기레기들이 담합해서 보도를 안해서 그런가요."
"요즘 MBC가 괜찮아 보이는 점",1481,"https://www.clien.net/service/board/park/14074082?od=T31&po=7&category=&groupCd","김성태 딸 채용건   장제원 아들 음주운전건   나경원 아들 국적      등 이슈가 발생하면      그 좋아하는 “절차”에 따라서 수사하고 마무리를 지어야지      항상 뭔가 조금 끌적대다가 기다 아니다 결론도 없이 그냥 사라짐.      아님 기레기들이 담합해서 보도를 안해서 그런가요."
"마봉춘 밀어줍시다",826,"https://www.clien.net/service/board/park/14074081?od=T31&po=7&category=&groupCd","김성태 딸 채용건   장제원 아들 음주운전건   나경원 아들 국적      등 이슈가 발생하면      그 좋아하는 “절차”에 따라서 수사하고 마무리를 지어야지      항상 뭔가 조금 끌적대다가 기다 아니다 결론도 없이 그냥 사라짐.      아님 기레기들이 담합해서 보도를 안해서 그런가요."
"이부진 부부 소송 2심 ""이혼하고 임우재에 141억 지급""",2119,"https://www.clien.net/service/board/park/14074080?od=T31&po=7&category=&groupCd","김성태 딸 채용건   장제원 아들 음주운전건   나경원 아들 국적      등 이슈가 발생하면      그 좋아하는 “절차”에 따라서 수사하고 마무리를 지어야지      항상 뭔가 조금 끌적대다가 기다 아니다 결론도 없이 그냥 사라짐.      아님 기레기들이 담합해서 보도를 안해서 그런가요."
"검,판새들 직무비리면 자동적으로 변호사 자격 취소되도록 해야죠.",859,"https://www.clien.net/service/board/park/14074079?od=T31&po=7&category=&groupCd","김성태 딸 채용건   장제원 아들 음주운전건   나경원 아들 국적      등 이슈가 발생하면      그 좋아하는 “절차”에 따라서 수사하고 마무리를 지어야지      항상 뭔가 조금 끌적대다가 기다 아니다 결론도 없이 그냥 사라짐.      아님 기레기들이 담합해서 보도를 안해서 그런가요."
"검찰자한당내통",130,"https://www.clien.net/service/board/park/14074078?od=T31&po=7&category=&groupCd","김성태 딸 채용건   장제원 아들 음주운전건   나경원 아들 국적      등 이슈가 발생하면      그 좋아하는 “절차”에 따라서 수사하고 마무리를 지어야지      항상 뭔가 조금 끌적대다가 기다 아니다 결론도 없이 그냥 사라짐.      아님 기레기들이 담합해서 보도를 안해서 그런가요."
"고려대 로스쿨 교수 '윤석열 이미 패배…아무리 생각해도 돌대X리'",3164,"https://www.clien.net/service/board/park/14074076?od=T31&po=7&category=&groupCd","김성태 딸 채용건   장제원 아들 음주운전건   나경원 아들 국적      등 이슈가 발생하면      그 좋아하는 “절차”에 따라서 수사하고 마무리를 지어야지      항상 뭔가 조금 끌적대다가 기다 아니다 결론도 없이 그냥 사라짐.      아님 기레기들이 담합해서 보도를 안해서 그런가요."
"유튜버 중에 IT리뷰하는 엠알도 집 엄청 큰곳 갔군요",1242,"https://www.clien.net/service/board/park/14074075?od=T31&po=7&category=&groupCd","김성태 딸 채용건   장제원 아들 음주운전건   나경원 아들 국적      등 이슈가 발생하면      그 좋아하는 “절차”에 따라서 수사하고 마무리를 지어야지      항상 뭔가 조금 끌적대다가 기다 아니다 결론도 없이 그냥 사라짐.      아님 기레기들이 담합해서 보도를 안해서 그런가요."
"검찰자한당내통-간섭하기 말라는 검찰",986,"https://www.clien.net/service/board/park/14074074?od=T31&po=7&category=&groupCd","김성태 딸 채용건   장제원 아들 음주운전건   나경원 아들 국적      등 이슈가 발생하면      그 좋아하는 “절차”에 따라서 수사하고 마무리를 지어야지      항상 뭔가 조금 끌적대다가 기다 아니다 결론도 없이 그냥 사라짐.      아님 기레기들이 담합해서 보도를 안해서 그런가요."
"검찰자한당내통 사진 하나로 종결 짓습니다",1851,"https://www.clien.net/service/board/park/14074073?od=T31&po=7&category=&groupCd","김성태 딸 채용건   장제원 아들 음주운전건   나경원 아들 국적      등 이슈가 발생하면      그 좋아하는 “절차”에 따라서 수사하고 마무리를 지어야지      항상 뭔가 조금 끌적대다가 기다 아니다 결론도 없이 그냥 사라짐.      아님 기레기들이 담합해서 보도를 안해서 그런가요."
"채널a뉴스는 정말심하네요",930,"https://www.clien.net/service/board/park/14074072?od=T31&po=7&category=&groupCd","김성태 딸 채용건   장제원 아들 음주운전건   나경원 아들 국적      등 이슈가 발생하면      그 좋아하는 “절차”에 따라서 수사하고 마무리를 지어야지      항상 뭔가 조금 끌적대다가 기다 아니다 결론도 없이 그냥 사라짐.      아님 기레기들이 담합해서 보도를 안해서 그런가요."
"개열받으니까 2d로 정화합니다",604,"https://www.clien.net/service/board/park/14074070?od=T31&po=7&category=&groupCd","김성태 딸 채용건   장제원 아들 음주운전건   나경원 아들 국적      등 이슈가 발생하면      그 좋아하는 “절차”에 따라서 수사하고 마무리를 지어야지      항상 뭔가 조금 끌적대다가 기다 아니다 결론도 없이 그냥 사라짐.      아님 기레기들이 담합해서 보도를 안해서 그런가요."
"지금 키즈카페에 있는데 누가 술을먹고있네요?",1215,"https://www.clien.net/service/board/park/14074069?od=T31&po=7&category=&groupCd","김성태 딸 채용건   장제원 아들 음주운전건   나경원 아들 국적      등 이슈가 발생하면      그 좋아하는 “절차”에 따라서 수사하고 마무리를 지어야지      항상 뭔가 조금 끌적대다가 기다 아니다 결론도 없이 그냥 사라짐.      아님 기레기들이 담합해서 보도를 안해서 그런가요."
"주광덕&gt;윤석열이네요 ㅋㅋㅋㅋㅋ",2307,"https://www.clien.net/service/board/park/14074068?od=T31&po=7&category=&groupCd","김성태 딸 채용건   장제원 아들 음주운전건   나경원 아들 국적      등 이슈가 발생하면      그 좋아하는 “절차”에 따라서 수사하고 마무리를 지어야지      항상 뭔가 조금 끌적대다가 기다 아니다 결론도 없이 그냥 사라짐.      아님 기레기들이 담합해서 보도를 안해서 그런가요."
"검찰자한당내통",167,"https://www.clien.net/service/board/park/14074067?od=T31&po=7&category=&groupCd","김성태 딸 채용건   장제원 아들 음주운전건   나경원 아들 국적      등 이슈가 발생하면      그 좋아하는 “절차”에 따라서 수사하고 마무리를 지어야지      항상 뭔가 조금 끌적대다가 기다 아니다 결론도 없이 그냥 사라짐.      아님 기레기들이 담합해서 보도를 안해서 그런가요."
"대륙외노자의 저녁",829,"https://www.clien.net/service/board/park/14074066?od=T31&po=7&category=&groupCd","김성태 딸 채용건   장제원 아들 음주운전건   나경원 아들 국적      등 이슈가 발생하면      그 좋아하는 “절차”에 따라서 수사하고 마무리를 지어야지      항상 뭔가 조금 끌적대다가 기다 아니다 결론도 없이 그냥 사라짐.      아님 기레기들이 담합해서 보도를 안해서 그런가요."
"언론들이 왜 진보코인 안타죠?",635,"https://www.clien.net/service/board/park/14074065?od=T31&po=7&category=&groupCd","김성태 딸 채용건   장제원 아들 음주운전건   나경원 아들 국적      등 이슈가 발생하면      그 좋아하는 “절차”에 따라서 수사하고 마무리를 지어야지      항상 뭔가 조금 끌적대다가 기다 아니다 결론도 없이 그냥 사라짐.      아님 기레기들이 담합해서 보도를 안해서 그런가요."
"김진태 “요즘 뜨고 있는 국대떡볶이 먹었다”",1453,"https://www.clien.net/service/board/park/14074064?od=T31&po=7&category=&groupCd","김성태 딸 채용건   장제원 아들 음주운전건   나경원 아들 국적      등 이슈가 발생하면      그 좋아하는 “절차”에 따라서 수사하고 마무리를 지어야지      항상 뭔가 조금 끌적대다가 기다 아니다 결론도 없이 그냥 사라짐.      아님 기레기들이 담합해서 보도를 안해서 그런가요."
"검찰자한당내통 - 유출없었다는 거짓말",951,"https://www.clien.net/service/board/park/14074063?od=T31&po=7&category=&groupCd","김성태 딸 채용건   장제원 아들 음주운전건   나경원 아들 국적      등 이슈가 발생하면      그 좋아하는 “절차”에 따라서 수사하고 마무리를 지어야지      항상 뭔가 조금 끌적대다가 기다 아니다 결론도 없이 그냥 사라짐.      아님 기레기들이 담합해서 보도를 안해서 그런가요."
"조국 장관님 볼때마다 마음이 안쓰럽네요...",525,"https://www.clien.net/service/board/park/14074061?od=T31&po=7&category=&groupCd","김성태 딸 채용건   장제원 아들 음주운전건   나경원 아들 국적      등 이슈가 발생하면      그 좋아하는 “절차”에 따라서 수사하고 마무리를 지어야지      항상 뭔가 조금 끌적대다가 기다 아니다 결론도 없이 그냥 사라짐.      아님 기레기들이 담합해서 보도를 안해서 그런가요."
"나경원아들무임승차 KBS 보도자료",2927,"https://www.clien.net/service/board/park/14074060?od=T31&po=7&category=&groupCd","김성태 딸 채용건   장제원 아들 음주운전건   나경원 아들 국적      등 이슈가 발생하면      그 좋아하는 “절차”에 따라서 수사하고 마무리를 지어야지      항상 뭔가 조금 끌적대다가 기다 아니다 결론도 없이 그냥 사라짐.      아님 기레기들이 담합해서 보도를 안해서 그런가요."
"김진태 “요즘 뜨고 있는 국대떡볶이 먹었다”",1143,"https://www.clien.net/service/board/park/14074059?od=T31&po=7&category=&groupCd","김성태 딸 채용건   장제원 아들 음주운전건   나경원 아들 국적      등 이슈가 발생하면      그 좋아하는 “절차”에 따라서 수사하고 마무리를 지어야지      항상 뭔가 조금 끌적대다가 기다 아니다 결론도 없이 그냥 사라짐.      아님 기레기들이 담합해서 보도를 안해서 그런가요."
"클리앙이 그래도 잠식 당하지 않아서 다행입니다 ㅜㅜ",430,"https://www.clien.net/service/board/park/14074058?od=T31&po=7&category=&groupCd","김성태 딸 채용건   장제원 아들 음주운전건   나경원 아들 국적      등 이슈가 발생하면      그 좋아하는 “절차”에 따라서 수사하고 마무리를 지어야지      항상 뭔가 조금 끌적대다가 기다 아니다 결론도 없이 그냥 사라짐.      아님 기레기들이 담합해서 보도를 안해서 그런가요."
"장관님 부인되시는 분이 힘드시겠지만 조금만 더 힘을 내셨으면 좋겠습니다",619,"https://www.clien.net/service/board/park/14074057?od=T31&po=7&category=&groupCd","김성태 딸 채용건   장제원 아들 음주운전건   나경원 아들 국적      등 이슈가 발생하면      그 좋아하는 “절차”에 따라서 수사하고 마무리를 지어야지      항상 뭔가 조금 끌적대다가 기다 아니다 결론도 없이 그냥 사라짐.      아님 기레기들이 담합해서 보도를 안해서 그런가요."
"소방의 시시비비 facebook",614,"https://www.clien.net/service/board/park/14074056?od=T31&po=8&category=&groupCd","김성태 딸 채용건   장제원 아들 음주운전건   나경원 아들 국적      등 이슈가 발생하면      그 좋아하는 “절차”에 따라서 수사하고 마무리를 지어야지      항상 뭔가 조금 끌적대다가 기다 아니다 결론도 없이 그냥 사라짐.      아님 기레기들이 담합해서 보도를 안해서 그런가요."
"오늘 MBC 뉴스데스크 보도 제대로네요.",3246,"https://www.clien.net/service/board/park/14074055?od=T31&po=8&category=&groupCd","김성태 딸 채용건   장제원 아들 음주운전건   나경원 아들 국적      등 이슈가 발생하면      그 좋아하는 “절차”에 따라서 수사하고 마무리를 지어야지      항상 뭔가 조금 끌적대다가 기다 아니다 결론도 없이 그냥 사라짐.      아님 기레기들이 담합해서 보도를 안해서 그런가요."
"검사들은 진급 빨리 시켰으면 좋겠어요",1076,"https://www.clien.net/service/board/park/14074054?od=T31&po=8&category=&groupCd","김성태 딸 채용건   장제원 아들 음주운전건   나경원 아들 국적      등 이슈가 발생하면      그 좋아하는 “절차”에 따라서 수사하고 마무리를 지어야지      항상 뭔가 조금 끌적대다가 기다 아니다 결론도 없이 그냥 사라짐.      아님 기레기들이 담합해서 보도를 안해서 그런가요."
"SK네트웍스, 주유소사업 철수.gisa",2045,"https://www.clien.net/service/board/park/14074053?od=T31&po=8&category=&groupCd","김성태 딸 채용건   장제원 아들 음주운전건   나경원 아들 국적      등 이슈가 발생하면      그 좋아하는 “절차”에 따라서 수사하고 마무리를 지어야지      항상 뭔가 조금 끌적대다가 기다 아니다 결론도 없이 그냥 사라짐.      아님 기레기들이 담합해서 보도를 안해서 그런가요."
"우리 나라 사법부는 정상이 없네요",421,"https://www.clien.net/service/board/park/14074052?od=T31&po=8&category=&groupCd","김성태 딸 채용건   장제원 아들 음주운전건   나경원 아들 국적      등 이슈가 발생하면      그 좋아하는 “절차”에 따라서 수사하고 마무리를 지어야지      항상 뭔가 조금 끌적대다가 기다 아니다 결론도 없이 그냥 사라짐.      아님 기레기들이 담합해서 보도를 안해서 그런가요."
"검찰자한당내통",85,"https://www.clien.net/service/board/park/14074051?od=T31&po=8&category=&groupCd","김성태 딸 채용건   장제원 아들 음주운전건   나경원 아들 국적      등 이슈가 발생하면      그 좋아하는 “절차”에 따라서 수사하고 마무리를 지어야지      항상 뭔가 조금 끌적대다가 기다 아니다 결론도 없이 그냥 사라짐.      아님 기레기들이 담합해서 보도를 안해서 그런가요."
"검찰자한당내통 검색어 아까부터 11위인거 보면",789,"https://www.clien.net/service/board/park/14074049?od=T31&po=8&category=&groupCd","김성태 딸 채용건   장제원 아들 음주운전건   나경원 아들 국적      등 이슈가 발생하면      그 좋아하는 “절차”에 따라서 수사하고 마무리를 지어야지      항상 뭔가 조금 끌적대다가 기다 아니다 결론도 없이 그냥 사라짐.      아님 기레기들이 담합해서 보도를 안해서 그런가요."
"짐 로저스 '한반도 통일될 것...가장 흥미진진한 투자처'",1761,"https://www.clien.net/service/board/park/14074047?od=T31&po=8&category=&groupCd","김성태 딸 채용건   장제원 아들 음주운전건   나경원 아들 국적      등 이슈가 발생하면      그 좋아하는 “절차”에 따라서 수사하고 마무리를 지어야지      항상 뭔가 조금 끌적대다가 기다 아니다 결론도 없이 그냥 사라짐.      아님 기레기들이 담합해서 보도를 안해서 그런가요."
"내일 출시되는 스타벅스 신메뉴.jpg",2070,"https://www.clien.net/service/board/park/14074046?od=T31&po=8&category=&groupCd","김성태 딸 채용건   장제원 아들 음주운전건   나경원 아들 국적      등 이슈가 발생하면      그 좋아하는 “절차”에 따라서 수사하고 마무리를 지어야지      항상 뭔가 조금 끌적대다가 기다 아니다 결론도 없이 그냥 사라짐.      아님 기레기들이 담합해서 보도를 안해서 그런가요."
"지금 ocn에서 수어사이드 스쿼드 하네요^^;,",536,"https://www.clien.net/service/board/park/14074044?od=T31&po=8&category=&groupCd","김성태 딸 채용건   장제원 아들 음주운전건   나경원 아들 국적      등 이슈가 발생하면      그 좋아하는 “절차”에 따라서 수사하고 마무리를 지어야지      항상 뭔가 조금 끌적대다가 기다 아니다 결론도 없이 그냥 사라짐.      아님 기레기들이 담합해서 보도를 안해서 그런가요."
"여기 있다니까 이 댕청아.gif",1854,"https://www.clien.net/service/board/park/14074043?od=T31&po=8&category=&groupCd","김성태 딸 채용건   장제원 아들 음주운전건   나경원 아들 국적      등 이슈가 발생하면      그 좋아하는 “절차”에 따라서 수사하고 마무리를 지어야지      항상 뭔가 조금 끌적대다가 기다 아니다 결론도 없이 그냥 사라짐.      아님 기레기들이 담합해서 보도를 안해서 그런가요."
"센쥬스트 님 아이디 아시는 분 계신가요?",271,"https://www.clien.net/service/board/park/14074042?od=T31&po=8&category=&groupCd","김성태 딸 채용건   장제원 아들 음주운전건   나경원 아들 국적      등 이슈가 발생하면      그 좋아하는 “절차”에 따라서 수사하고 마무리를 지어야지      항상 뭔가 조금 끌적대다가 기다 아니다 결론도 없이 그냥 사라짐.      아님 기레기들이 담합해서 보도를 안해서 그런가요."
"검찰자한당내통",130,"https://www.clien.net/service/board/park/14074041?od=T31&po=8&category=&groupCd","김성태 딸 채용건   장제원 아들 음주운전건   나경원 아들 국적      등 이슈가 발생하면      그 좋아하는 “절차”에 따라서 수사하고 마무리를 지어야지      항상 뭔가 조금 끌적대다가 기다 아니다 결론도 없이 그냥 사라짐.      아님 기레기들이 담합해서 보도를 안해서 그런가요."
"요즘 며칠사이 뉴스보면 스트레스받아서",439,"https://www.clien.net/service/board/park/14074040?od=T31&po=8&category=&groupCd","김성태 딸 채용건   장제원 아들 음주운전건   나경원 아들 국적      등 이슈가 발생하면      그 좋아하는 “절차”에 따라서 수사하고 마무리를 지어야지      항상 뭔가 조금 끌적대다가 기다 아니다 결론도 없이 그냥 사라짐.      아님 기레기들이 담합해서 보도를 안해서 그런가요."
"요새 버거킹 가면..",1204,"https://www.clien.net/service/board/park/14074039?od=T31&po=8&category=&groupCd","김성태 딸 채용건   장제원 아들 음주운전건   나경원 아들 국적      등 이슈가 발생하면      그 좋아하는 “절차”에 따라서 수사하고 마무리를 지어야지      항상 뭔가 조금 끌적대다가 기다 아니다 결론도 없이 그냥 사라짐.      아님 기레기들이 담합해서 보도를 안해서 그런가요."
"픽셀4 기다리시는 분들 무조건 픽셀4XL로 가셔야 할듯..",674,"https://www.clien.net/service/board/park/14074038?od=T31&po=8&category=&groupCd","김성태 딸 채용건   장제원 아들 음주운전건   나경원 아들 국적      등 이슈가 발생하면      그 좋아하는 “절차”에 따라서 수사하고 마무리를 지어야지      항상 뭔가 조금 끌적대다가 기다 아니다 결론도 없이 그냥 사라짐.      아님 기레기들이 담합해서 보도를 안해서 그런가요."
"국정농단 시법농단 공범자들이",289,"https://www.clien.net/service/board/park/14074037?od=T31&po=8&category=&groupCd","김성태 딸 채용건   장제원 아들 음주운전건   나경원 아들 국적      등 이슈가 발생하면      그 좋아하는 “절차”에 따라서 수사하고 마무리를 지어야지      항상 뭔가 조금 끌적대다가 기다 아니다 결론도 없이 그냥 사라짐.      아님 기레기들이 담합해서 보도를 안해서 그런가요."
"그때 그 느낌이네요",840,"https://www.clien.net/service/board/park/14074036?od=T31&po=8&category=&groupCd","김성태 딸 채용건   장제원 아들 음주운전건   나경원 아들 국적      등 이슈가 발생하면      그 좋아하는 “절차”에 따라서 수사하고 마무리를 지어야지      항상 뭔가 조금 끌적대다가 기다 아니다 결론도 없이 그냥 사라짐.      아님 기레기들이 담합해서 보도를 안해서 그런가요."
"검찰자한당내통 - 영상 보니까..",568,"https://www.clien.net/service/board/park/14074035?od=T31&po=8&category=&groupCd","김성태 딸 채용건   장제원 아들 음주운전건   나경원 아들 국적      등 이슈가 발생하면      그 좋아하는 “절차”에 따라서 수사하고 마무리를 지어야지      항상 뭔가 조금 끌적대다가 기다 아니다 결론도 없이 그냥 사라짐.      아님 기레기들이 담합해서 보도를 안해서 그런가요."
"검찰자한당내통 통화유출 책임여부를 물어서 윗선을 쳐내야할때",663,"https://www.clien.net/service/board/park/14074034?od=T31&po=8&category=&groupCd","김성태 딸 채용건   장제원 아들 음주운전건   나경원 아들 국적      등 이슈가 발생하면      그 좋아하는 “절차”에 따라서 수사하고 마무리를 지어야지      항상 뭔가 조금 끌적대다가 기다 아니다 결론도 없이 그냥 사라짐.      아님 기레기들이 담합해서 보도를 안해서 그런가요."
"개국본 후원 동참합니다.",643,"https://www.clien.net/service/board/park/14074033?od=T31&po=8&category=&groupCd","김성태 딸 채용건   장제원 아들 음주운전건   나경원 아들 국적      등 이슈가 발생하면      그 좋아하는 “절차”에 따라서 수사하고 마무리를 지어야지      항상 뭔가 조금 끌적대다가 기다 아니다 결론도 없이 그냥 사라짐.      아님 기레기들이 담합해서 보도를 안해서 그런가요."
"검찰자한당내통-MBC가 왜이러죠??",1982,"https://www.clien.net/service/board/park/14074032?od=T31&po=8&category=&groupCd","김성태 딸 채용건   장제원 아들 음주운전건   나경원 아들 국적      등 이슈가 발생하면      그 좋아하는 “절차”에 따라서 수사하고 마무리를 지어야지      항상 뭔가 조금 끌적대다가 기다 아니다 결론도 없이 그냥 사라짐.      아님 기레기들이 담합해서 보도를 안해서 그런가요."
"검찰자한당내통 - 수사검사가 민주당 의원한테 보고했다라는 기사 뜨면 당장 대통령",1004,"https://www.clien.net/service/board/park/14074031?od=T31&po=8&category=&groupCd","김성태 딸 채용건   장제원 아들 음주운전건   나경원 아들 국적      등 이슈가 발생하면      그 좋아하는 “절차”에 따라서 수사하고 마무리를 지어야지      항상 뭔가 조금 끌적대다가 기다 아니다 결론도 없이 그냥 사라짐.      아님 기레기들이 담합해서 보도를 안해서 그런가요."
"확실히 iOS는 아이패드가 메인 업데이트네요",1153,"https://www.clien.net/service/board/park/14074030?od=T31&po=8&category=&groupCd","김성태 딸 채용건   장제원 아들 음주운전건   나경원 아들 국적      등 이슈가 발생하면      그 좋아하는 “절차”에 따라서 수사하고 마무리를 지어야지      항상 뭔가 조금 끌적대다가 기다 아니다 결론도 없이 그냥 사라짐.      아님 기레기들이 담합해서 보도를 안해서 그런가요."
"곽상도, 조국 장관 보고 '피의자' 그러며 웃어대",2007,"https://www.clien.net/service/board/park/14074029?od=T31&po=8&category=&groupCd","김성태 딸 채용건   장제원 아들 음주운전건   나경원 아들 국적      등 이슈가 발생하면      그 좋아하는 “절차”에 따라서 수사하고 마무리를 지어야지      항상 뭔가 조금 끌적대다가 기다 아니다 결론도 없이 그냥 사라짐.      아님 기레기들이 담합해서 보도를 안해서 그런가요."
"김어준공장장이 얼마를 받았다구요???",1582,"https://www.clien.net/service/board/park/14074027?od=T31&po=8&category=&groupCd","김성태 딸 채용건   장제원 아들 음주운전건   나경원 아들 국적      등 이슈가 발생하면      그 좋아하는 “절차”에 따라서 수사하고 마무리를 지어야지      항상 뭔가 조금 끌적대다가 기다 아니다 결론도 없이 그냥 사라짐.      아님 기레기들이 담합해서 보도를 안해서 그런가요."
"간만에 예전 뉴요크 사진을 보니...",563,"https://www.clien.net/service/board/park/14074025?od=T31&po=8&category=&groupCd","김성태 딸 채용건   장제원 아들 음주운전건   나경원 아들 국적      등 이슈가 발생하면      그 좋아하는 “절차”에 따라서 수사하고 마무리를 지어야지      항상 뭔가 조금 끌적대다가 기다 아니다 결론도 없이 그냥 사라짐.      아님 기레기들이 담합해서 보도를 안해서 그런가요."
"도쿄올림픽 경기장 방사능 출입금지 수준.jpg",2351,"https://www.clien.net/service/board/park/14074024?od=T31&po=8&category=&groupCd","김성태 딸 채용건   장제원 아들 음주운전건   나경원 아들 국적      등 이슈가 발생하면      그 좋아하는 “절차”에 따라서 수사하고 마무리를 지어야지      항상 뭔가 조금 끌적대다가 기다 아니다 결론도 없이 그냥 사라짐.      아님 기레기들이 담합해서 보도를 안해서 그런가요."
"드론으로 찍는 셀피 프로젝트 영상입니다.",449,"https://www.clien.net/service/board/park/14074023?od=T31&po=8&category=&groupCd","김성태 딸 채용건   장제원 아들 음주운전건   나경원 아들 국적      등 이슈가 발생하면      그 좋아하는 “절차”에 따라서 수사하고 마무리를 지어야지      항상 뭔가 조금 끌적대다가 기다 아니다 결론도 없이 그냥 사라짐.      아님 기레기들이 담합해서 보도를 안해서 그런가요."
"누가봐도 검찰이 자한당에 수사상황 보고하는 증거네요",1085,"https://www.clien.net/service/board/park/14074021?od=T31&po=8&category=&groupCd","김성태 딸 채용건   장제원 아들 음주운전건   나경원 아들 국적      등 이슈가 발생하면      그 좋아하는 “절차”에 따라서 수사하고 마무리를 지어야지      항상 뭔가 조금 끌적대다가 기다 아니다 결론도 없이 그냥 사라짐.      아님 기레기들이 담합해서 보도를 안해서 그런가요."
"검찰자한당내통 윤석열 총장을 지지합니다 (반어)",737,"https://www.clien.net/service/board/park/14074020?od=T31&po=9&category=&groupCd","김성태 딸 채용건   장제원 아들 음주운전건   나경원 아들 국적      등 이슈가 발생하면      그 좋아하는 “절차”에 따라서 수사하고 마무리를 지어야지      항상 뭔가 조금 끌적대다가 기다 아니다 결론도 없이 그냥 사라짐.      아님 기레기들이 담합해서 보도를 안해서 그런가요."
"검찰자한당내통",80,"https://www.clien.net/service/board/park/14074019?od=T31&po=9&category=&groupCd","김성태 딸 채용건   장제원 아들 음주운전건   나경원 아들 국적      등 이슈가 발생하면      그 좋아하는 “절차”에 따라서 수사하고 마무리를 지어야지      항상 뭔가 조금 끌적대다가 기다 아니다 결론도 없이 그냥 사라짐.      아님 기레기들이 담합해서 보도를 안해서 그런가요."
"박근혜 5촌 살인사건 '흉기 지문' 다시 감식",1451,"https://www.clien.net/service/board/park/14074018?od=T31&po=9&category=&groupCd","김성태 딸 채용건   장제원 아들 음주운전건   나경원 아들 국적      등 이슈가 발생하면      그 좋아하는 “절차”에 따라서 수사하고 마무리를 지어야지      항상 뭔가 조금 끌적대다가 기다 아니다 결론도 없이 그냥 사라짐.      아님 기레기들이 담합해서 보도를 안해서 그런가요."
"검찰자한당내통 - MBC 뉴스데스크 나쁘지 않네요.",1539,"https://www.clien.net/service/board/park/14074017?od=T31&po=9&category=&groupCd","김성태 딸 채용건   장제원 아들 음주운전건   나경원 아들 국적      등 이슈가 발생하면      그 좋아하는 “절차”에 따라서 수사하고 마무리를 지어야지      항상 뭔가 조금 끌적대다가 기다 아니다 결론도 없이 그냥 사라짐.      아님 기레기들이 담합해서 보도를 안해서 그런가요."
"타고난 사냥꾼의 은밀한 추적.gifv",969,"https://www.clien.net/service/board/park/14074016?od=T31&po=9&category=&groupCd","김성태 딸 채용건   장제원 아들 음주운전건   나경원 아들 국적      등 이슈가 발생하면      그 좋아하는 “절차”에 따라서 수사하고 마무리를 지어야지      항상 뭔가 조금 끌적대다가 기다 아니다 결론도 없이 그냥 사라짐.      아님 기레기들이 담합해서 보도를 안해서 그런가요."
"검찰자한당내통-나경원아들 제4저자 또!",960,"https://www.clien.net/service/board/park/14074013?od=T31&po=9&category=&groupCd","김성태 딸 채용건   장제원 아들 음주운전건   나경원 아들 국적      등 이슈가 발생하면      그 좋아하는 “절차”에 따라서 수사하고 마무리를 지어야지      항상 뭔가 조금 끌적대다가 기다 아니다 결론도 없이 그냥 사라짐.      아님 기레기들이 담합해서 보도를 안해서 그런가요."
"지금 검찰은 누구도 못 건드는 상태가됐군요",1154,"https://www.clien.net/service/board/park/14074012?od=T31&po=9&category=&groupCd","김성태 딸 채용건   장제원 아들 음주운전건   나경원 아들 국적      등 이슈가 발생하면      그 좋아하는 “절차”에 따라서 수사하고 마무리를 지어야지      항상 뭔가 조금 끌적대다가 기다 아니다 결론도 없이 그냥 사라짐.      아님 기레기들이 담합해서 보도를 안해서 그런가요."
"청와대 민정수석이 수사팀에 외압정황.gisa",1768,"https://www.clien.net/service/board/park/14074011?od=T31&po=9&category=&groupCd","김성태 딸 채용건   장제원 아들 음주운전건   나경원 아들 국적      등 이슈가 발생하면      그 좋아하는 “절차”에 따라서 수사하고 마무리를 지어야지      항상 뭔가 조금 끌적대다가 기다 아니다 결론도 없이 그냥 사라짐.      아님 기레기들이 담합해서 보도를 안해서 그런가요."
"박제 하이XX9 호.",867,"https://www.clien.net/service/board/park/14074010?od=T31&po=9&category=&groupCd","김성태 딸 채용건   장제원 아들 음주운전건   나경원 아들 국적      등 이슈가 발생하면      그 좋아하는 “절차”에 따라서 수사하고 마무리를 지어야지      항상 뭔가 조금 끌적대다가 기다 아니다 결론도 없이 그냥 사라짐.      아님 기레기들이 담합해서 보도를 안해서 그런가요."
"나이키런 하시는분 있나요?",563,"https://www.clien.net/service/board/park/14074009?od=T31&po=9&category=&groupCd","김성태 딸 채용건   장제원 아들 음주운전건   나경원 아들 국적      등 이슈가 발생하면      그 좋아하는 “절차”에 따라서 수사하고 마무리를 지어야지      항상 뭔가 조금 끌적대다가 기다 아니다 결론도 없이 그냥 사라짐.      아님 기레기들이 담합해서 보도를 안해서 그런가요."
"보자보자 하니까 이 개새*들이...",1011,"https://www.clien.net/service/board/park/14074007?od=T31&po=9&category=&groupCd","김성태 딸 채용건   장제원 아들 음주운전건   나경원 아들 국적      등 이슈가 발생하면      그 좋아하는 “절차”에 따라서 수사하고 마무리를 지어야지      항상 뭔가 조금 끌적대다가 기다 아니다 결론도 없이 그냥 사라짐.      아님 기레기들이 담합해서 보도를 안해서 그런가요."
"(속보) 대검 '윤석열 총장, 통화 몰랐다. 톻화한 검사가 보고 안 해'",5951,"https://www.clien.net/service/board/park/14074006?od=T31&po=9&category=&groupCd","김성태 딸 채용건   장제원 아들 음주운전건   나경원 아들 국적      등 이슈가 발생하면      그 좋아하는 “절차”에 따라서 수사하고 마무리를 지어야지      항상 뭔가 조금 끌적대다가 기다 아니다 결론도 없이 그냥 사라짐.      아님 기레기들이 담합해서 보도를 안해서 그런가요."
"검찰의 자한당 고자질건은 검찰도 옷벗을 각오는 했네요.",1994,"https://www.clien.net/service/board/park/14074005?od=T31&po=9&category=&groupCd","김성태 딸 채용건   장제원 아들 음주운전건   나경원 아들 국적      등 이슈가 발생하면      그 좋아하는 “절차”에 따라서 수사하고 마무리를 지어야지      항상 뭔가 조금 끌적대다가 기다 아니다 결론도 없이 그냥 사라짐.      아님 기레기들이 담합해서 보도를 안해서 그런가요."
"검찰자한당내통 - MBC가 엠병신에서 돌아오나봅니다.JPG",2025,"https://www.clien.net/service/board/park/14074004?od=T31&po=9&category=&groupCd","김성태 딸 채용건   장제원 아들 음주운전건   나경원 아들 국적      등 이슈가 발생하면      그 좋아하는 “절차”에 따라서 수사하고 마무리를 지어야지      항상 뭔가 조금 끌적대다가 기다 아니다 결론도 없이 그냥 사라짐.      아님 기레기들이 담합해서 보도를 안해서 그런가요."
"마동석이 미국에서 작은 키인 이유",1977,"https://www.clien.net/service/board/park/14074003?od=T31&po=9&category=&groupCd","김성태 딸 채용건   장제원 아들 음주운전건   나경원 아들 국적      등 이슈가 발생하면      그 좋아하는 “절차”에 따라서 수사하고 마무리를 지어야지      항상 뭔가 조금 끌적대다가 기다 아니다 결론도 없이 그냥 사라짐.      아님 기레기들이 담합해서 보도를 안해서 그런가요."
"사진 작가가 망친 일가족 사진.jpg",3609,"https://www.clien.net/service/board/park/14074002?od=T31&po=9&category=&groupCd","김성태 딸 채용건   장제원 아들 음주운전건   나경원 아들 국적      등 이슈가 발생하면      그 좋아하는 “절차”에 따라서 수사하고 마무리를 지어야지      항상 뭔가 조금 끌적대다가 기다 아니다 결론도 없이 그냥 사라짐.      아님 기레기들이 담합해서 보도를 안해서 그런가요."
"국민의명령검찰해체 - 이번 임기내 해야합니다.",257,"https://www.clien.net/service/board/park/14074000?od=T31&po=9&category=&groupCd","김성태 딸 채용건   장제원 아들 음주운전건   나경원 아들 국적      등 이슈가 발생하면      그 좋아하는 “절차”에 따라서 수사하고 마무리를 지어야지      항상 뭔가 조금 끌적대다가 기다 아니다 결론도 없이 그냥 사라짐.      아님 기레기들이 담합해서 보도를 안해서 그런가요."
"MBC 뉴스데스크 좋네요 (19:30 시작)",1458,"https://www.clien.net/service/board/park/14073999?od=T31&po=9&category=&groupCd","김성태 딸 채용건   장제원 아들 음주운전건   나경원 아들 국적      등 이슈가 발생하면      그 좋아하는 “절차”에 따라서 수사하고 마무리를 지어야지      항상 뭔가 조금 끌적대다가 기다 아니다 결론도 없이 그냥 사라짐.      아님 기레기들이 담합해서 보도를 안해서 그런가요."
"그러니까.. 어제 검사들이..",749,"https://www.clien.net/service/board/park/14073998?od=T31&po=9&category=&groupCd","김성태 딸 채용건   장제원 아들 음주운전건   나경원 아들 국적      등 이슈가 발생하면      그 좋아하는 “절차”에 따라서 수사하고 마무리를 지어야지      항상 뭔가 조금 끌적대다가 기다 아니다 결론도 없이 그냥 사라짐.      아님 기레기들이 담합해서 보도를 안해서 그런가요."
"검찰자한당내통",157,"https://www.clien.net/service/board/park/14073997?od=T31&po=9&category=&groupCd","김성태 딸 채용건   장제원 아들 음주운전건   나경원 아들 국적      등 이슈가 발생하면      그 좋아하는 “절차”에 따라서 수사하고 마무리를 지어야지      항상 뭔가 조금 끌적대다가 기다 아니다 결론도 없이 그냥 사라짐.      아님 기레기들이 담합해서 보도를 안해서 그런가요."
"대륙외노자의 저녁",541,"https://www.clien.net/service/board/park/14073996?od=T31&po=9&category=&groupCd","김성태 딸 채용건   장제원 아들 음주운전건   나경원 아들 국적      등 이슈가 발생하면      그 좋아하는 “절차”에 따라서 수사하고 마무리를 지어야지      항상 뭔가 조금 끌적대다가 기다 아니다 결론도 없이 그냥 사라짐.      아님 기레기들이 담합해서 보도를 안해서 그런가요."
"mbc뉴스보는데 양쪽모두 말 잘 전해주네요??",1181,"https://www.clien.net/service/board/park/14073995?od=T31&po=9&category=&groupCd","김성태 딸 채용건   장제원 아들 음주운전건   나경원 아들 국적      등 이슈가 발생하면      그 좋아하는 “절차”에 따라서 수사하고 마무리를 지어야지      항상 뭔가 조금 끌적대다가 기다 아니다 결론도 없이 그냥 사라짐.      아님 기레기들이 담합해서 보도를 안해서 그런가요."
"외압을 당해서 짜장면밖에 못 시켜드셨구나 오또케 ㅠㅠ",549,"https://www.clien.net/service/board/park/14073994?od=T31&po=9&category=&groupCd","김성태 딸 채용건   장제원 아들 음주운전건   나경원 아들 국적      등 이슈가 발생하면      그 좋아하는 “절차”에 따라서 수사하고 마무리를 지어야지      항상 뭔가 조금 끌적대다가 기다 아니다 결론도 없이 그냥 사라짐.      아님 기레기들이 담합해서 보도를 안해서 그런가요."
"아조씨들 신고속도 왜이리빠릅니까!.gif",1846,"https://www.clien.net/service/board/park/14073993?od=T31&po=9&category=&groupCd","김성태 딸 채용건   장제원 아들 음주운전건   나경원 아들 국적      등 이슈가 발생하면      그 좋아하는 “절차”에 따라서 수사하고 마무리를 지어야지      항상 뭔가 조금 끌적대다가 기다 아니다 결론도 없이 그냥 사라짐.      아님 기레기들이 담합해서 보도를 안해서 그런가요."
"권선동씨 말처럼 ...",742,"https://www.clien.net/service/board/park/14073992?od=T31&po=9&category=&groupCd","김성태 딸 채용건   장제원 아들 음주운전건   나경원 아들 국적      등 이슈가 발생하면      그 좋아하는 “절차”에 따라서 수사하고 마무리를 지어야지      항상 뭔가 조금 끌적대다가 기다 아니다 결론도 없이 그냥 사라짐.      아님 기레기들이 담합해서 보도를 안해서 그런가요."
"딴지펌] 철가방 완성",1304,"https://www.clien.net/service/board/park/14073991?od=T31&po=9&category=&groupCd","김성태 딸 채용건   장제원 아들 음주운전건   나경원 아들 국적      등 이슈가 발생하면      그 좋아하는 “절차”에 따라서 수사하고 마무리를 지어야지      항상 뭔가 조금 끌적대다가 기다 아니다 결론도 없이 그냥 사라짐.      아님 기레기들이 담합해서 보도를 안해서 그런가요."
"검찰자한당내통 - 검새:주광덕통화유출 전혀 사실아냐..",1344,"https://www.clien.net/service/board/park/14073990?od=T31&po=9&category=&groupCd","김성태 딸 채용건   장제원 아들 음주운전건   나경원 아들 국적      등 이슈가 발생하면      그 좋아하는 “절차”에 따라서 수사하고 마무리를 지어야지      항상 뭔가 조금 끌적대다가 기다 아니다 결론도 없이 그냥 사라짐.      아님 기레기들이 담합해서 보도를 안해서 그런가요."
"sky park.jpg",759,"https://www.clien.net/service/board/park/14073989?od=T31&po=9&category=&groupCd","김성태 딸 채용건   장제원 아들 음주운전건   나경원 아들 국적      등 이슈가 발생하면      그 좋아하는 “절차”에 따라서 수사하고 마무리를 지어야지      항상 뭔가 조금 끌적대다가 기다 아니다 결론도 없이 그냥 사라짐.      아님 기레기들이 담합해서 보도를 안해서 그런가요."
"검찰자한당내통 마봉춘(mbc) 보세요",751,"https://www.clien.net/service/board/park/14073988?od=T31&po=9&category=&groupCd","김성태 딸 채용건   장제원 아들 음주운전건   나경원 아들 국적      등 이슈가 발생하면      그 좋아하는 “절차”에 따라서 수사하고 마무리를 지어야지      항상 뭔가 조금 끌적대다가 기다 아니다 결론도 없이 그냥 사라짐.      아님 기레기들이 담합해서 보도를 안해서 그런가요."
"사람이 쓰려져도 짜장면 먹으며 11시간 압수수색 하는군요",834,"https://www.clien.net/service/board/park/14073987?od=T31&po=9&category=&groupCd","김성태 딸 채용건   장제원 아들 음주운전건   나경원 아들 국적      등 이슈가 발생하면      그 좋아하는 “절차”에 따라서 수사하고 마무리를 지어야지      항상 뭔가 조금 끌적대다가 기다 아니다 결론도 없이 그냥 사라짐.      아님 기레기들이 담합해서 보도를 안해서 그런가요."
